,ip_address,web_source,datetime,get,get_num,get_num2,web_source2,specification,TLS,tls_num1,tls_num2,tls_num3,status,status_num,NC,UP
0,158.140.131.122,www.goldenagri.com.sg,2022-10-05 09:07:30,GET /wp-admin/admin-ajax.php?postviews_id=60963&action=postviews&_=1664960849485 HTTP/2.0,200.0,5.0,https://www.goldenagri.com.sg/,Mozilla/5.0 (X11; Linux x86_64; rv:78.0) Gecko/20100101 Firefox/78.0,TLSv1.3,0.294,0.294,0.294,MISS,0.0,NC:000000,UP:SKIP_CACHE_NO_CACHE
2,158.140.131.122,www.goldenagri.com.sg,2022-10-05 09:07:29,GET /?mcsf_action=main_css&ver=6.0.2 HTTP/2.0,200.0,389.0,https://www.goldenagri.com.sg/,Mozilla/5.0 (X11; Linux x86_64; rv:78.0) Gecko/20100101 Firefox/78.0,TLSv1.3,,,0.0,HIT,0.0,NC:000000,UP:-
4,158.140.131.122,www.goldenagri.com.sg,2022-10-05 09:07:29,GET / HTTP/2.0,200.0,18928.0,,Mozilla/5.0 (X11; Linux x86_64; rv:78.0) Gecko/20100101 Firefox/78.0,TLSv1.3,,,0.0,HIT,0.0,NC:000000,UP:-
6,69.191.249.214,www.goldenagri.com.sg,2022-10-05 09:07:25,GET /investors/ HTTP/2.0,200.0,19422.0,,"Mozilla/5.0 (X11; Linux x86_64) AppleWebKit/537.36 (KHTML, like Gecko) Chrome/66.0.3359 Safari/537.36",TLSv1.3,,,0.001,HIT,0.0,NC:000000,UP:-
8,158.140.131.122,www.goldenagri.com.sg,2022-10-05 09:07:19,GET /about-us HTTP/2.0,301.0,0.0,https://www.goldenagri.com.sg/,Mozilla/5.0 (X11; Linux x86_64; rv:78.0) Gecko/20100101 Firefox/78.0,TLSv1.3,0.198,0.198,0.198,MISS,0.0,NC:000000,UP:-
10,158.140.131.122,www.goldenagri.com.sg,2022-10-05 09:07:12,GET /about-us HTTP/2.0,301.0,0.0,https://www.goldenagri.com.sg/,Mozilla/5.0 (X11; Linux x86_64; rv:78.0) Gecko/20100101 Firefox/78.0,TLSv1.3,0.235,0.235,0.235,MISS,0.0,NC:000000,UP:-
12,158.140.131.122,www.goldenagri.com.sg,2022-10-05 09:07:10,GET /wp-admin/admin-ajax.php?postviews_id=60963&action=postviews&_=1664960829639 HTTP/2.0,200.0,5.0,https://www.goldenagri.com.sg/,Mozilla/5.0 (X11; Linux x86_64; rv:78.0) Gecko/20100101 Firefox/78.0,TLSv1.3,0.275,0.275,0.275,MISS,0.0,NC:000000,UP:SKIP_CACHE_NO_CACHE
14,158.140.131.122,www.goldenagri.com.sg,2022-10-05 09:07:09,GET /?mcsf_action=main_css&ver=6.0.2 HTTP/2.0,200.0,389.0,https://www.goldenagri.com.sg/,Mozilla/5.0 (X11; Linux x86_64; rv:78.0) Gecko/20100101 Firefox/78.0,TLSv1.3,,,0.0,HIT,0.0,NC:000000,UP:-
16,158.140.131.122,www.goldenagri.com.sg,2022-10-05 09:07:09,GET / HTTP/2.0,200.0,18928.0,,Mozilla/5.0 (X11; Linux x86_64; rv:78.0) Gecko/20100101 Firefox/78.0,TLSv1.3,,,0.0,HIT,0.0,NC:000000,UP:-
18,115.178.194.205,www.goldenagri.com.sg,2022-10-05 09:07:09,POST /wp-admin/admin-ajax.php HTTP/2.0,200.0,67.0,https://www.goldenagri.com.sg/wp-admin/index.php,"Mozilla/5.0 (Windows NT 10.0; Win64; x64) AppleWebKit/537.36 (KHTML, like Gecko) Chrome/105.0.0.0 Safari/537.36",TLSv1.3,0.374,0.374,0.375,,0.0,NC:200000,UP:-DT
20,158.140.131.122,www.goldenagri.com.sg,2022-10-05 09:07:07,GET /wp-admin/admin-ajax.php?postviews_id=60963&action=postviews&_=1664960827299 HTTP/2.0,200.0,5.0,https://www.goldenagri.com.sg/,Mozilla/5.0 (X11; Linux x86_64; rv:78.0) Gecko/20100101 Firefox/78.0,TLSv1.3,0.274,0.274,0.274,MISS,0.0,NC:000000,UP:SKIP_CACHE_NO_CACHE
22,158.140.131.122,www.goldenagri.com.sg,2022-10-05 09:07:07,GET /?mcsf_action=main_css&ver=6.0.2 HTTP/2.0,200.0,389.0,https://www.goldenagri.com.sg/,Mozilla/5.0 (X11; Linux x86_64; rv:78.0) Gecko/20100101 Firefox/78.0,TLSv1.3,,,0.0,HIT,0.0,NC:000000,UP:-
24,158.140.131.122,www.goldenagri.com.sg,2022-10-05 09:07:07,GET / HTTP/2.0,200.0,18928.0,https://www.goldenagri.com.sg/,Mozilla/5.0 (X11; Linux x86_64; rv:78.0) Gecko/20100101 Firefox/78.0,TLSv1.3,,,0.0,HIT,0.0,NC:000000,UP:-
26,207.46.13.209,www.goldenagri.com.sg,2022-10-05 09:07:06,GET /cn/sustainable-palm-oil-2022/ HTTP/2.0,200.0,58654.0,,Mozilla/5.0 (compatible; bingbot/2.0; +http://www.bing.com/bingbot.htm),TLSv1.3,,,0.4,HIT,0.0,NC:000000,UP:-
28,158.140.131.122,www.goldenagri.com.sg,2022-10-05 09:07:04,GET /wp-admin/admin-ajax.php?postviews_id=60963&action=postviews&_=1664960824227 HTTP/2.0,200.0,5.0,https://www.goldenagri.com.sg/,Mozilla/5.0 (X11; Linux x86_64; rv:78.0) Gecko/20100101 Firefox/78.0,TLSv1.3,0.317,0.317,0.318,MISS,0.0,NC:000000,UP:SKIP_CACHE_NO_CACHE
30,118.200.197.166,goldenagri.com.sg,2022-10-05 09:07:04,GET /wp-content/uploads/2021/02/smartbiodesel.pdf HTTP/2.0,200.0,8026346.0,,"Mozilla/5.0 (Windows NT 10.0; Win64; x64) AppleWebKit/537.36 (KHTML, like Gecko) Chrome/105.0.0.0 Safari/537.36",TLSv1.3,,,0.478,,0.0,NC:000000,UP:-DT
32,158.140.131.122,www.goldenagri.com.sg,2022-10-05 09:07:03,GET /?mcsf_action=main_css&ver=6.0.2 HTTP/2.0,200.0,389.0,https://www.goldenagri.com.sg/,Mozilla/5.0 (X11; Linux x86_64; rv:78.0) Gecko/20100101 Firefox/78.0,TLSv1.3,,,0.0,HIT,0.0,NC:000000,UP:-
34,158.140.131.122,www.goldenagri.com.sg,2022-10-05 09:07:03,GET / HTTP/2.0,200.0,18928.0,,Mozilla/5.0 (X11; Linux x86_64; rv:78.0) Gecko/20100101 Firefox/78.0,TLSv1.3,,,0.001,HIT,0.0,NC:000000,UP:-
36,118.200.197.166,www.goldenagri.com.sg,2022-10-05 09:06:59,GET /wp-admin/admin-ajax.php?postviews_id=36309&action=postviews&_=1664960819553 HTTP/2.0,200.0,4.0,https://www.goldenagri.com.sg/products-service/biofuel/,"Mozilla/5.0 (Windows NT 10.0; Win64; x64) AppleWebKit/537.36 (KHTML, like Gecko) Chrome/105.0.0.0 Safari/537.36",TLSv1.3,0.242,0.242,0.242,MISS,0.0,NC:000000,UP:SKIP_CACHE_NO_CACHE
38,118.200.197.166,www.goldenagri.com.sg,2022-10-05 09:06:59,GET /wp-content/uploads/2020/12/bioenergy.png HTTP/2.0,200.0,197060.0,https://www.goldenagri.com.sg/products-service/biofuel/,"Mozilla/5.0 (Windows NT 10.0; Win64; x64) AppleWebKit/537.36 (KHTML, like Gecko) Chrome/105.0.0.0 Safari/537.36",TLSv1.3,,,0.016,,0.0,NC:000000,UP:-DT
40,118.200.197.166,www.goldenagri.com.sg,2022-10-05 09:06:59,GET /wp-content/uploads/2019/03/Info-Biodiesel_Final_EN_sml.jpg HTTP/2.0,200.0,278137.0,https://www.goldenagri.com.sg/products-service/biofuel/,"Mozilla/5.0 (Windows NT 10.0; Win64; x64) AppleWebKit/537.36 (KHTML, like Gecko) Chrome/105.0.0.0 Safari/537.36",TLSv1.3,,,0.016,,0.0,NC:000000,UP:-DT
42,118.200.197.166,www.goldenagri.com.sg,2022-10-05 09:06:59,GET /wp-content/uploads/2019/04/hrn4.jpg HTTP/2.0,200.0,193199.0,https://www.goldenagri.com.sg/products-service/biofuel/,"Mozilla/5.0 (Windows NT 10.0; Win64; x64) AppleWebKit/537.36 (KHTML, like Gecko) Chrome/105.0.0.0 Safari/537.36",TLSv1.3,,,0.023,,0.0,NC:000000,UP:-DT
44,118.200.197.166,goldenagri.com.sg,2022-10-05 09:06:59,GET /wp-content/uploads/2020/12/icn-sup.svg HTTP/2.0,200.0,526.0,https://www.goldenagri.com.sg/,"Mozilla/5.0 (Windows NT 10.0; Win64; x64) AppleWebKit/537.36 (KHTML, like Gecko) Chrome/105.0.0.0 Safari/537.36",TLSv1.3,,,0.0,,0.0,NC:000000,UP:-DT
46,118.200.197.166,www.goldenagri.com.sg,2022-10-05 09:06:59,GET /?mcsf_action=main_css&ver=6.0.2 HTTP/2.0,200.0,389.0,https://www.goldenagri.com.sg/products-service/biofuel/,"Mozilla/5.0 (Windows NT 10.0; Win64; x64) AppleWebKit/537.36 (KHTML, like Gecko) Chrome/105.0.0.0 Safari/537.36",TLSv1.3,,,0.0,HIT,0.0,NC:000000,UP:-
48,118.200.197.166,www.goldenagri.com.sg,2022-10-05 09:06:59,GET /products-service/biofuel/ HTTP/2.0,200.0,16373.0,https://www.goldenagri.com.sg/,"Mozilla/5.0 (Windows NT 10.0; Win64; x64) AppleWebKit/537.36 (KHTML, like Gecko) Chrome/105.0.0.0 Safari/537.36",TLSv1.3,,,0.0,HIT,0.0,NC:000000,UP:-
50,118.200.197.166,www.goldenagri.com.sg,2022-10-05 09:06:59,GET /products-service/biofuel HTTP/2.0,301.0,0.0,https://www.goldenagri.com.sg/,"Mozilla/5.0 (Windows NT 10.0; Win64; x64) AppleWebKit/537.36 (KHTML, like Gecko) Chrome/105.0.0.0 Safari/537.36",TLSv1.3,0.215,0.215,0.216,MISS,0.0,NC:000000,UP:-
52,158.140.131.122,www.goldenagri.com.sg,2022-10-05 09:06:57,GET /wp-admin/admin-ajax.php?postviews_id=60963&action=postviews&_=1664960817460 HTTP/2.0,200.0,5.0,https://www.goldenagri.com.sg/,Mozilla/5.0 (X11; Linux x86_64; rv:78.0) Gecko/20100101 Firefox/78.0,TLSv1.3,0.315,0.315,0.315,MISS,0.0,NC:000000,UP:SKIP_CACHE_NO_CACHE
54,158.140.131.122,www.goldenagri.com.sg,2022-10-05 09:06:57,GET /?mcsf_action=main_css&ver=6.0.2 HTTP/2.0,200.0,389.0,https://www.goldenagri.com.sg/,Mozilla/5.0 (X11; Linux x86_64; rv:78.0) Gecko/20100101 Firefox/78.0,TLSv1.3,,,0.0,HIT,0.0,NC:000000,UP:-
56,158.140.131.122,www.goldenagri.com.sg,2022-10-05 09:06:57,GET / HTTP/2.0,200.0,18928.0,,Mozilla/5.0 (X11; Linux x86_64; rv:78.0) Gecko/20100101 Firefox/78.0,TLSv1.3,,,0.0,HIT,0.0,NC:000000,UP:-
58,116.206.31.88,goldenagri.com.sg,2022-10-05 09:06:57,GET /wp-content/uploads/2021/01/about-img.png HTTP/2.0,200.0,79054.0,https://www.smart-tbk.com/,"Mozilla/5.0 (Linux; Android 9; RMX1941) AppleWebKit/537.36 (KHTML, like Gecko) Chrome/99.0.4844.73 Mobile Safari/537.36",TLSv1.3,,,0.08,,0.0,NC:000000,UP:-DT
60,118.200.197.166,www.goldenagri.com.sg,2022-10-05 09:06:55,GET /wp-admin/admin-ajax.php?postviews_id=60963&action=postviews&_=1664960814791 HTTP/2.0,200.0,5.0,https://www.goldenagri.com.sg/,"Mozilla/5.0 (Windows NT 10.0; Win64; x64) AppleWebKit/537.36 (KHTML, like Gecko) Chrome/105.0.0.0 Safari/537.36",TLSv1.3,0.272,0.272,0.271,MISS,0.0,NC:000000,UP:SKIP_CACHE_NO_CACHE
62,118.200.197.166,www.goldenagri.com.sg,2022-10-05 09:06:54,GET /?mcsf_action=main_css&ver=6.0.2 HTTP/2.0,200.0,389.0,https://www.goldenagri.com.sg/,"Mozilla/5.0 (Windows NT 10.0; Win64; x64) AppleWebKit/537.36 (KHTML, like Gecko) Chrome/105.0.0.0 Safari/537.36",TLSv1.3,,,0.0,HIT,0.0,NC:000000,UP:-
64,118.200.197.166,www.goldenagri.com.sg,2022-10-05 09:06:54,GET / HTTP/2.0,200.0,18928.0,,"Mozilla/5.0 (Windows NT 10.0; Win64; x64) AppleWebKit/537.36 (KHTML, like Gecko) Chrome/105.0.0.0 Safari/537.36",TLSv1.3,,,0.0,HIT,0.0,NC:000000,UP:-
66,118.200.197.166,goldenagri.com.sg,2022-10-05 09:06:54,GET / HTTP/2.0,301.0,0.0,,"Mozilla/5.0 (Windows NT 10.0; Win64; x64) AppleWebKit/537.36 (KHTML, like Gecko) Chrome/105.0.0.0 Safari/537.36",TLSv1.3,0.199,0.199,0.199,MISS,0.0,NC:000000,UP:-
68,66.249.79.179,www.goldenagri.com.sg,2022-10-05 09:06:52,GET /palm-oil-refining-process/ HTTP/2.0,200.0,51586.0,,"Mozilla/5.0 (Linux; Android 6.0.1; Nexus 5X Build/MMB29P) AppleWebKit/537.36 (KHTML, like Gecko) Chrome/106.0.5249.91 Mobile Safari/537.36 (compatible; Googlebot/2.1; +http://www.google.com/bot.html)",TLSv1.3,,,0.216,HIT,0.0,NC:000000,UP:-
70,182.72.145.197,www.goldenagri.com.sg,2022-10-05 09:06:45,GET /news-events/press-releases/ HTTP/2.0,200.0,39422.0,,"Mozilla/5.0 (X11; Linux x86_64) AppleWebKit/537.11 (KHTML, like Gecko) Chrome/65.0.3325.181 Safari/537.11",TLSv1.3,,,0.001,HIT,0.0,NC:000000,UP:-
72,114.122.6.194,www.goldenagri.com.sg,2022-10-05 09:06:43,GET /wp-admin/admin-ajax.php?postviews_id=36544&action=postviews&_=1664960803218 HTTP/2.0,200.0,4.0,https://www.goldenagri.com.sg/id/work-with-us/,"Mozilla/5.0 (iPhone; CPU iPhone OS 15_3 like Mac OS X) AppleWebKit/605.1.15 (KHTML, like Gecko) Version/15.3 Mobile/15E148 Safari/604.1",TLSv1.3,0.263,0.263,0.263,MISS,0.0,NC:000000,UP:SKIP_CACHE_NO_CACHE
74,114.122.6.194,www.goldenagri.com.sg,2022-10-05 09:06:43,GET /?mcsf_action=main_css&ver=6.0.2 HTTP/2.0,200.0,389.0,https://www.goldenagri.com.sg/id/work-with-us/,"Mozilla/5.0 (iPhone; CPU iPhone OS 15_3 like Mac OS X) AppleWebKit/605.1.15 (KHTML, like Gecko) Version/15.3 Mobile/15E148 Safari/604.1",TLSv1.3,,,0.0,HIT,0.0,NC:000000,UP:-
76,114.122.6.194,www.goldenagri.com.sg,2022-10-05 09:06:43,GET /id/work-with-us/ HTTP/2.0,200.0,15617.0,https://www.google.co.id/,"Mozilla/5.0 (iPhone; CPU iPhone OS 15_3 like Mac OS X) AppleWebKit/605.1.15 (KHTML, like Gecko) Version/15.3 Mobile/15E148 Safari/604.1",TLSv1.3,,,0.001,HIT,0.0,NC:000000,UP:-
78,158.140.131.122,www.goldenagri.com.sg,2022-10-05 09:06:30,GET /wp-json/contact-form-7/v1/contact-forms/36598/refill HTTP/2.0,200.0,2.0,https://www.goldenagri.com.sg/contact-us/,Mozilla/5.0 (X11; Linux x86_64; rv:78.0) Gecko/20100101 Firefox/78.0,TLSv1.3,0.278,0.278,0.279,BYPASS,0.0,NC:000100,UP:-
80,158.140.131.122,www.goldenagri.com.sg,2022-10-05 09:06:30,GET /wp-json/contact-form-7/v1/contact-forms/36598/feedback/schema HTTP/2.0,200.0,214.0,https://www.goldenagri.com.sg/contact-us/,Mozilla/5.0 (X11; Linux x86_64; rv:78.0) Gecko/20100101 Firefox/78.0,TLSv1.3,0.319,0.319,0.319,BYPASS,0.0,NC:000100,UP:-
82,158.140.131.122,www.goldenagri.com.sg,2022-10-05 09:06:30,GET /wp-admin/admin-ajax.php?postviews_id=60990&action=postviews&_=1664960789705 HTTP/2.0,200.0,5.0,https://www.goldenagri.com.sg/contact-us/,Mozilla/5.0 (X11; Linux x86_64; rv:78.0) Gecko/20100101 Firefox/78.0,TLSv1.3,0.345,0.345,0.345,MISS,0.0,NC:000000,UP:SKIP_CACHE_NO_CACHE
84,158.140.131.122,www.goldenagri.com.sg,2022-10-05 09:06:29,GET /?mcsf_action=main_css&ver=6.0.2 HTTP/2.0,200.0,389.0,https://www.goldenagri.com.sg/contact-us/,Mozilla/5.0 (X11; Linux x86_64; rv:78.0) Gecko/20100101 Firefox/78.0,TLSv1.3,,,0.0,HIT,0.0,NC:000000,UP:-
86,158.140.131.122,www.goldenagri.com.sg,2022-10-05 09:06:29,GET /contact-us/ HTTP/2.0,200.0,16971.0,https://www.goldenagri.com.sg/,Mozilla/5.0 (X11; Linux x86_64; rv:78.0) Gecko/20100101 Firefox/78.0,TLSv1.3,0.401,0.402,0.402,BYPASS,0.0,NC:000100,UP:-
88,108.174.5.112,www.goldenagri.com.sg,2022-10-05 09:06:28,GET /how-it-works-oil-palm-trees-replanting-programme/ HTTP/2.0,200.0,54933.0,,LinkedInBot/1.0 (compatible; Mozilla/5.0; Apache-HttpClient +http://www.linkedin.com),TLSv1.3,,,0.227,HIT,0.0,NC:000000,UP:-
90,69.191.249.210,www.goldenagri.com.sg,2022-10-05 09:06:26,GET /investors/financial-highlights-reports-presentations/investor-presentations/ HTTP/2.0,200.0,18300.0,,"Mozilla/5.0 (X11; Linux x86_64) AppleWebKit/537.36 (KHTML, like Gecko) Chrome/66.0.3359 Safari/537.36",TLSv1.3,,,0.001,HIT,0.0,NC:000000,UP:-
92,129.126.160.33,www.goldenagri.com.sg,2022-10-05 09:06:13,GET /wp-admin/admin-ajax.php?postviews_id=60984&action=postviews&_=1664960772961 HTTP/2.0,200.0,5.0,https://www.goldenagri.com.sg/investors/sgx-filings/,"Mozilla/5.0 (Windows NT 10.0; Win64; x64) AppleWebKit/537.36 (KHTML, like Gecko) Chrome/105.0.0.0 Safari/537.36 Edg/105.0.1343.53",TLSv1.3,0.38,0.38,0.38,MISS,0.0,NC:000000,UP:SKIP_CACHE_NO_CACHE
94,129.126.160.33,www.goldenagri.com.sg,2022-10-05 09:06:12,GET /?mcsf_action=main_css&ver=6.0.2 HTTP/2.0,200.0,389.0,https://www.goldenagri.com.sg/investors/sgx-filings/,"Mozilla/5.0 (Windows NT 10.0; Win64; x64) AppleWebKit/537.36 (KHTML, like Gecko) Chrome/105.0.0.0 Safari/537.36 Edg/105.0.1343.53",TLSv1.3,,,0.0,HIT,0.0,NC:000000,UP:-
96,129.126.160.33,www.goldenagri.com.sg,2022-10-05 09:06:12,GET /investors/sgx-filings/ HTTP/2.0,200.0,64356.0,https://www.goldenagri.com.sg/investors/shareholder-information/dividend/,"Mozilla/5.0 (Windows NT 10.0; Win64; x64) AppleWebKit/537.36 (KHTML, like Gecko) Chrome/105.0.0.0 Safari/537.36 Edg/105.0.1343.53",TLSv1.3,,,0.0,HIT,0.0,NC:000000,UP:-
98,158.140.131.122,www.goldenagri.com.sg,2022-10-05 09:06:09,GET /contact-us HTTP/2.0,301.0,0.0,https://www.goldenagri.com.sg/,Mozilla/5.0 (X11; Linux x86_64; rv:78.0) Gecko/20100101 Firefox/78.0,TLSv1.3,0.264,0.264,0.264,BYPASS,0.0,NC:000100,UP:-
100,3.125.9.23,www.goldenagri.com.sg,2022-10-05 09:06:07,GET /investors/financial-highlights-reports-presentations/quarterly-reports/ HTTP/2.0,200.0,17244.0,,"Mozilla/5.0 (X11; Linux x86_64) AppleWebKit/537.36 (KHTML, like Gecko) Ubuntu Chromium/79.0.3945.130 Chrome/79.0.3945.130 Safari/537.36",TLSv1.3,,,0.0,HIT,0.0,NC:000000,UP:-
102,3.125.9.23,www.goldenagri.com.sg,2022-10-05 09:06:06,GET /investors/financial-highlights-reports-presentations/quarterly-reports/ HTTP/2.0,200.0,17244.0,,"Mozilla/5.0 (X11; Linux x86_64) AppleWebKit/537.36 (KHTML, like Gecko) Ubuntu Chromium/79.0.3945.130 Chrome/79.0.3945.130 Safari/537.36",TLSv1.3,,,0.0,HIT,0.0,NC:000000,UP:-
104,3.69.47.159,www.goldenagri.com.sg,2022-10-05 09:06:04,GET /investors/?EPTypeDesc=Annualreports HTTP/2.0,200.0,19445.0,,"Mozilla/5.0 (X11; Linux x86_64) AppleWebKit/537.36 (KHTML, like Gecko) Ubuntu Chromium/79.0.3945.130 Chrome/79.0.3945.130 Safari/537.36",TLSv1.3,,,0.0,HIT,0.0,NC:000000,UP:-
106,51.222.253.15,www.goldenagri.com.sg,2022-10-05 09:06:03,GET /cn/work-with-us/graduates-professionals HTTP/2.0,301.0,0.0,,Mozilla/5.0 (compatible; AhrefsBot/7.0; +http://ahrefs.com/robot/),TLSv1.3,0.286,0.286,0.286,MISS,0.0,NC:000000,UP:-
108,3.69.47.159,www.goldenagri.com.sg,2022-10-05 09:06:03,GET /investors/?EPTypeDesc=Annualreports HTTP/2.0,200.0,19445.0,,"Mozilla/5.0 (X11; Linux x86_64) AppleWebKit/537.36 (KHTML, like Gecko) Ubuntu Chromium/79.0.3945.130 Chrome/79.0.3945.130 Safari/537.36",TLSv1.3,,,0.001,HIT,0.0,NC:000000,UP:-
110,129.126.160.33,www.goldenagri.com.sg,2022-10-05 09:06:01,GET /wp-admin/admin-ajax.php?postviews_id=60983&action=postviews&_=1664960761582 HTTP/2.0,200.0,4.0,https://www.goldenagri.com.sg/investors/shareholder-information/dividend/,"Mozilla/5.0 (Windows NT 10.0; Win64; x64) AppleWebKit/537.36 (KHTML, like Gecko) Chrome/105.0.0.0 Safari/537.36 Edg/105.0.1343.53",TLSv1.3,0.3,0.3,0.3,MISS,0.0,NC:000000,UP:SKIP_CACHE_NO_CACHE
112,129.126.160.33,www.goldenagri.com.sg,2022-10-05 09:06:01,GET /?mcsf_action=main_css&ver=6.0.2 HTTP/2.0,200.0,389.0,https://www.goldenagri.com.sg/investors/shareholder-information/dividend/,"Mozilla/5.0 (Windows NT 10.0; Win64; x64) AppleWebKit/537.36 (KHTML, like Gecko) Chrome/105.0.0.0 Safari/537.36 Edg/105.0.1343.53",TLSv1.3,,,0.0,HIT,0.0,NC:000000,UP:-
114,129.126.160.33,www.goldenagri.com.sg,2022-10-05 09:06:01,GET /investors/shareholder-information/dividend/ HTTP/2.0,200.0,17626.0,https://www.goldenagri.com.sg/investors/shareholder-information/shareholder-meetings/,"Mozilla/5.0 (Windows NT 10.0; Win64; x64) AppleWebKit/537.36 (KHTML, like Gecko) Chrome/105.0.0.0 Safari/537.36 Edg/105.0.1343.53",TLSv1.3,,,0.0,HIT,0.0,NC:000000,UP:-
116,129.126.160.33,www.goldenagri.com.sg,2022-10-05 09:06:01,GET /investors/shareholder-information/dividend HTTP/2.0,301.0,0.0,https://www.goldenagri.com.sg/investors/shareholder-information/shareholder-meetings/,"Mozilla/5.0 (Windows NT 10.0; Win64; x64) AppleWebKit/537.36 (KHTML, like Gecko) Chrome/105.0.0.0 Safari/537.36 Edg/105.0.1343.53",TLSv1.3,0.303,0.303,0.304,MISS,0.0,NC:000000,UP:-
118,118.200.197.166,goldenagri.com.sg,2022-10-05 09:06:00,GET /wp-content/uploads/2019/01/The-different-parts-of-palm-oil_factsheet_final.pdf HTTP/2.0,200.0,5866427.0,https://www.google.com/,"Mozilla/5.0 (Windows NT 10.0; Win64; x64) AppleWebKit/537.36 (KHTML, like Gecko) Chrome/105.0.0.0 Safari/537.36",TLSv1.3,,,0.309,,0.0,NC:000000,UP:-DT
120,3.75.180.78,www.goldenagri.com.sg,2022-10-05 09:05:59,GET /investors/financial-highlights-reports-presentations/investor-presentations/ HTTP/2.0,200.0,18300.0,,"Mozilla/5.0 (X11; Linux x86_64) AppleWebKit/537.36 (KHTML, like Gecko) Ubuntu Chromium/79.0.3945.130 Chrome/79.0.3945.130 Safari/537.36",TLSv1.3,,,0.001,HIT,0.0,NC:000000,UP:-
122,118.200.197.166,goldenagri.com.sg,2022-10-05 09:05:59,GET /favicon.ico HTTP/2.0,200.0,15086.0,https://goldenagri.com.sg/wp-content/uploads/2019/01/The-different-parts-of-palm-oil_factsheet_final.pdf,"Mozilla/5.0 (Windows NT 10.0; Win64; x64) AppleWebKit/537.36 (KHTML, like Gecko) Chrome/105.0.0.0 Safari/537.36",TLSv1.3,,,0.0,,0.0,NC:000000,UP:-DT
124,3.75.180.78,www.goldenagri.com.sg,2022-10-05 09:05:59,GET /investors/financial-highlights-reports-presentations/investor-presentations/ HTTP/2.0,200.0,18300.0,,"Mozilla/5.0 (X11; Linux x86_64) AppleWebKit/537.36 (KHTML, like Gecko) Ubuntu Chromium/79.0.3945.130 Chrome/79.0.3945.130 Safari/537.36",TLSv1.3,,,0.001,HIT,0.0,NC:000000,UP:-
126,69.191.249.220,www.goldenagri.com.sg,2022-10-05 09:05:51,GET /news-events/press-releases/ HTTP/2.0,200.0,39422.0,,"Mozilla/5.0 (X11; Linux x86_64) AppleWebKit/537.36 (KHTML, like Gecko) Chrome/66.0.3359 Safari/537.36",TLSv1.3,,,0.001,HIT,0.0,NC:000000,UP:-
128,69.191.211.219,www.goldenagri.com.sg,2022-10-05 09:05:51,GET /about-us/our-leaderships/ HTTP/2.0,200.0,21152.0,,"Mozilla/5.0 (Windows NT 10.0; Win64; x64) AppleWebKit/537.36 (KHTML, like Gecko) Chrome/94.0.4606.81 Safari/537.36",TLSv1.3,,,0.001,HIT,0.0,NC:000000,UP:-
130,3.96.138.189,www.goldenagri.com.sg,2022-10-05 09:05:48,GET /wp-admin/admin-ajax.php?postviews_id=36375&action=postviews&_=1664960747903 HTTP/2.0,200.0,5.0,https://www.goldenagri.com.sg/news-events/press-releases/,"Mozilla/5.0 (X11; Linux x86_64) AppleWebKit/537.36 (KHTML, like Gecko) Ubuntu Chromium/79.0.3945.130 Chrome/79.0.3945.130 Safari/537.36",TLSv1.3,0.269,0.269,0.269,MISS,0.0,NC:000000,UP:SKIP_CACHE_NO_CACHE
132,3.96.138.189,www.goldenagri.com.sg,2022-10-05 09:05:47,GET /news-events/press-releases/ HTTP/2.0,200.0,39422.0,,"Mozilla/5.0 (X11; Linux x86_64) AppleWebKit/537.36 (KHTML, like Gecko) Ubuntu Chromium/79.0.3945.130 Chrome/79.0.3945.130 Safari/537.36",TLSv1.3,,,0.002,HIT,0.0,NC:000000,UP:-
134,3.72.111.223,www.goldenagri.com.sg,2022-10-05 09:05:44,GET /sustainability/sustainability-report/ HTTP/2.0,200.0,19952.0,,"Mozilla/5.0 (X11; Linux x86_64) AppleWebKit/537.36 (KHTML, like Gecko) Ubuntu Chromium/79.0.3945.130 Chrome/79.0.3945.130 Safari/537.36",TLSv1.3,,,0.001,HIT,0.0,NC:000000,UP:-
136,129.126.160.33,www.goldenagri.com.sg,2022-10-05 09:05:41,GET /wp-admin/admin-ajax.php?postviews_id=36600&action=postviews&_=1664960741409 HTTP/2.0,200.0,4.0,https://www.goldenagri.com.sg/investors/shareholder-information/shareholder-meetings/,"Mozilla/5.0 (Windows NT 10.0; Win64; x64) AppleWebKit/537.36 (KHTML, like Gecko) Chrome/105.0.0.0 Safari/537.36 Edg/105.0.1343.53",TLSv1.3,0.333,0.333,0.333,MISS,0.0,NC:000000,UP:SKIP_CACHE_NO_CACHE
138,129.126.160.33,www.goldenagri.com.sg,2022-10-05 09:05:41,GET /?mcsf_action=main_css&ver=6.0.2 HTTP/2.0,200.0,389.0,https://www.goldenagri.com.sg/investors/shareholder-information/shareholder-meetings/,"Mozilla/5.0 (Windows NT 10.0; Win64; x64) AppleWebKit/537.36 (KHTML, like Gecko) Chrome/105.0.0.0 Safari/537.36 Edg/105.0.1343.53",TLSv1.3,,,0.0,HIT,0.0,NC:000000,UP:-
140,129.126.160.33,www.goldenagri.com.sg,2022-10-05 09:05:41,GET /investors/shareholder-information/shareholder-meetings/ HTTP/2.0,200.0,17182.0,https://www.goldenagri.com.sg/investors/financial-highlights-reports-presentations/investor-presentations/,"Mozilla/5.0 (Windows NT 10.0; Win64; x64) AppleWebKit/537.36 (KHTML, like Gecko) Chrome/105.0.0.0 Safari/537.36 Edg/105.0.1343.53",TLSv1.3,0.448,0.45,0.45,MISS,0.0,NC:000000,UP:-
142,129.126.160.33,www.goldenagri.com.sg,2022-10-05 09:05:40,GET /investors/shareholder-information/shareholder-meetings HTTP/2.0,301.0,0.0,https://www.goldenagri.com.sg/investors/financial-highlights-reports-presentations/investor-presentations/,"Mozilla/5.0 (Windows NT 10.0; Win64; x64) AppleWebKit/537.36 (KHTML, like Gecko) Chrome/105.0.0.0 Safari/537.36 Edg/105.0.1343.53",TLSv1.3,0.309,0.309,0.309,MISS,0.0,NC:000000,UP:-
144,114.122.6.194,goldenagri.com.sg,2022-10-05 09:05:39,GET /wp-content/uploads/2021/01/about-img.png HTTP/2.0,200.0,79054.0,https://www.smart-tbk.com/,"Mozilla/5.0 (iPhone; CPU iPhone OS 15_3 like Mac OS X) AppleWebKit/605.1.15 (KHTML, like Gecko) Version/15.3 Mobile/15E148 Safari/604.1",TLSv1.3,,,0.025,,0.0,NC:000000,UP:-DT
146,3.72.111.223,www.goldenagri.com.sg,2022-10-05 09:05:38,GET /sustainability/sustainability-report/ HTTP/2.0,200.0,19952.0,,"Mozilla/5.0 (X11; Linux x86_64) AppleWebKit/537.36 (KHTML, like Gecko) Ubuntu Chromium/79.0.3945.130 Chrome/79.0.3945.130 Safari/537.36",TLSv1.3,,,0.001,HIT,0.0,NC:000000,UP:-
148,129.126.160.33,www.goldenagri.com.sg,2022-10-05 09:05:32,GET /wp-admin/admin-ajax.php?postviews_id=63450&action=postviews&_=1664960732180 HTTP/2.0,200.0,4.0,https://www.goldenagri.com.sg/investors/financial-highlights-reports-presentations/investor-presentations/,"Mozilla/5.0 (Windows NT 10.0; Win64; x64) AppleWebKit/537.36 (KHTML, like Gecko) Chrome/105.0.0.0 Safari/537.36 Edg/105.0.1343.53",TLSv1.3,0.318,0.318,0.318,MISS,0.0,NC:000000,UP:SKIP_CACHE_NO_CACHE
150,129.126.160.33,www.goldenagri.com.sg,2022-10-05 09:05:32,GET /?mcsf_action=main_css&ver=6.0.2 HTTP/2.0,200.0,389.0,https://www.goldenagri.com.sg/investors/financial-highlights-reports-presentations/investor-presentations/,"Mozilla/5.0 (Windows NT 10.0; Win64; x64) AppleWebKit/537.36 (KHTML, like Gecko) Chrome/105.0.0.0 Safari/537.36 Edg/105.0.1343.53",TLSv1.3,,,0.0,HIT,0.0,NC:000000,UP:-
152,129.126.160.33,www.goldenagri.com.sg,2022-10-05 09:05:32,GET /investors/financial-highlights-reports-presentations/investor-presentations/ HTTP/2.0,200.0,18300.0,https://www.goldenagri.com.sg/investors/,"Mozilla/5.0 (Windows NT 10.0; Win64; x64) AppleWebKit/537.36 (KHTML, like Gecko) Chrome/105.0.0.0 Safari/537.36 Edg/105.0.1343.53",TLSv1.3,,,0.0,HIT,0.0,NC:000000,UP:-
154,158.140.131.122,www.goldenagri.com.sg,2022-10-05 09:05:29,GET /wp-admin/admin-ajax.php?postviews_id=60963&action=postviews&_=1664960729523 HTTP/2.0,200.0,5.0,https://www.goldenagri.com.sg/,Mozilla/5.0 (X11; Linux x86_64; rv:78.0) Gecko/20100101 Firefox/78.0,TLSv1.3,0.29,0.29,0.29,MISS,0.0,NC:000000,UP:SKIP_CACHE_NO_CACHE
156,158.140.131.122,www.goldenagri.com.sg,2022-10-05 09:05:29,GET /?mcsf_action=main_css&ver=6.0.2 HTTP/2.0,200.0,389.0,https://www.goldenagri.com.sg/,Mozilla/5.0 (X11; Linux x86_64; rv:78.0) Gecko/20100101 Firefox/78.0,TLSv1.3,,,0.001,HIT,0.0,NC:000000,UP:-
158,158.140.131.122,www.goldenagri.com.sg,2022-10-05 09:05:28,GET / HTTP/2.0,200.0,18928.0,,Mozilla/5.0 (X11; Linux x86_64; rv:78.0) Gecko/20100101 Firefox/78.0,TLSv1.3,,,0.0,HIT,0.0,NC:000000,UP:-
160,54.202.43.196,www.goldenagri.com.sg,2022-10-05 09:05:27,GET /feed/ HTTP/2.0,200.0,105494.0,,"Mozilla/5.0 (X11; Linux x86_64) AppleWebKit/537.36 (KHTML, like Gecko) Chrome/83.0.4103.116 Safari/537.36",TLSv1.3,,,0.208,HIT,0.0,NC:000000,UP:-
162,115.178.194.205,www.goldenagri.com.sg,2022-10-05 09:05:26,POST /wp-admin/admin-ajax.php HTTP/2.0,200.0,67.0,https://www.goldenagri.com.sg/wp-admin/index.php,"Mozilla/5.0 (Windows NT 10.0; Win64; x64) AppleWebKit/537.36 (KHTML, like Gecko) Chrome/105.0.0.0 Safari/537.36",TLSv1.3,0.319,0.319,0.32,,0.0,NC:200000,UP:-DT
164,54.202.43.196,goldenagri.com.sg,2022-10-05 09:05:26,GET /feed/ HTTP/1.1,301.0,0.0,,"Mozilla/5.0 (X11; Linux x86_64) AppleWebKit/537.36 (KHTML, like Gecko) Chrome/83.0.4103.116 Safari/537.36",TLSv1.3,0.26,0.26,0.26,MISS,0.0,NC:000000,UP:-
166,35.197.184.115,www.goldenagri.com.sg,2022-10-05 09:05:24,GET /id/products-service/seeds/ HTTP/2.0,200.0,16495.0,http://damimas.com/new/web/,Mozilla/5.0 (compatible; MonsidoUptime/1.0; +http://monsido.com/uptime.html; info@monsido.com),TLSv1.3,,,0.001,HIT,0.0,NC:000000,UP:-
168,158.140.131.122,www.goldenagri.com.sg,2022-10-05 09:05:21,GET /wp-content/themes/gar-mdi/assets/fonts/metric-regular.woff HTTP/2.0,200.0,34044.0,https://www.goldenagri.com.sg/wp-content/themes/gar-mdi/assets/css/style.css?v3.1,Mozilla/5.0 (X11; Linux x86_64; rv:78.0) Gecko/20100101 Firefox/78.0,TLSv1.3,,,0.0,,0.0,NC:000000,UP:-DT
170,158.140.131.122,www.goldenagri.com.sg,2022-10-05 09:05:17,GET /wp-admin/admin-ajax.php?postviews_id=60963&action=postviews&_=1664960716112 HTTP/2.0,200.0,5.0,https://www.goldenagri.com.sg/,Mozilla/5.0 (X11; Linux x86_64; rv:78.0) Gecko/20100101 Firefox/78.0,TLSv1.3,0.353,0.353,0.353,MISS,0.0,NC:000000,UP:SKIP_CACHE_NO_CACHE
172,129.126.160.33,www.goldenagri.com.sg,2022-10-05 09:05:15,GET /wp-admin/admin-ajax.php?postviews_id=36425&action=postviews&_=1664960715289 HTTP/2.0,200.0,5.0,https://www.goldenagri.com.sg/investors/,"Mozilla/5.0 (Windows NT 10.0; Win64; x64) AppleWebKit/537.36 (KHTML, like Gecko) Chrome/105.0.0.0 Safari/537.36 Edg/105.0.1343.53",TLSv1.3,0.388,0.388,0.388,MISS,0.0,NC:000000,UP:SKIP_CACHE_NO_CACHE
174,129.126.160.33,www.goldenagri.com.sg,2022-10-05 09:05:15,GET /?mcsf_action=main_css&ver=6.0.2 HTTP/2.0,200.0,389.0,https://www.goldenagri.com.sg/investors/,"Mozilla/5.0 (Windows NT 10.0; Win64; x64) AppleWebKit/537.36 (KHTML, like Gecko) Chrome/105.0.0.0 Safari/537.36 Edg/105.0.1343.53",TLSv1.3,,,0.0,HIT,0.0,NC:000000,UP:-
176,129.126.160.33,www.goldenagri.com.sg,2022-10-05 09:05:15,GET /investors/ HTTP/2.0,200.0,19422.0,https://www.goldenagri.com.sg/investors/,"Mozilla/5.0 (Windows NT 10.0; Win64; x64) AppleWebKit/537.36 (KHTML, like Gecko) Chrome/105.0.0.0 Safari/537.36 Edg/105.0.1343.53",TLSv1.3,,,0.001,HIT,0.0,NC:000000,UP:-
178,158.140.131.122,www.goldenagri.com.sg,2022-10-05 09:05:14,GET /?mcsf_action=main_css&ver=6.0.2 HTTP/2.0,200.0,389.0,https://www.goldenagri.com.sg/,Mozilla/5.0 (X11; Linux x86_64; rv:78.0) Gecko/20100101 Firefox/78.0,TLSv1.3,,,0.001,HIT,0.0,NC:000000,UP:-
180,158.140.131.122,www.goldenagri.com.sg,2022-10-05 09:05:14,GET / HTTP/2.0,200.0,18928.0,,Mozilla/5.0 (X11; Linux x86_64; rv:78.0) Gecko/20100101 Firefox/78.0,TLSv1.3,,,0.001,HIT,0.0,NC:000000,UP:-
182,69.191.211.219,www.goldenagri.com.sg,2022-10-05 09:05:11,GET /about-us/our-leaderships/ HTTP/2.0,200.0,21152.0,,"Mozilla/5.0 (Windows NT 10.0; Win64; x64) AppleWebKit/537.36 (KHTML, like Gecko) Chrome/94.0.4606.81 Safari/537.36",TLSv1.3,,,0.001,HIT,0.0,NC:000000,UP:-
184,69.191.249.220,www.goldenagri.com.sg,2022-10-05 09:05:06,GET /investors/financial-highlights-reports-presentations/quarterly-reports/ HTTP/2.0,200.0,17244.0,,"Mozilla/5.0 (X11; Linux x86_64) AppleWebKit/537.36 (KHTML, like Gecko) Chrome/66.0.3359 Safari/537.36",TLSv1.3,,,0.001,HIT,0.0,NC:000000,UP:-
186,140.213.34.150,goldenagri.com.sg,2022-10-05 09:05:04,GET /wp-content/uploads/2017/05/detergent.jpg HTTP/2.0,200.0,8484.0,https://www.smart-tbk.com/10-produk-luar-biasa-berkat-minyak-kelapa-sawit/,"Mozilla/5.0 (Linux; Android 9; vivo 1904) AppleWebKit/537.36 (KHTML, like Gecko) Chrome/74.0.3729.136 Mobile Safari/537.36",TLSv1.3,,,0.0,,0.0,NC:000000,UP:-DT
188,140.213.34.150,goldenagri.com.sg,2022-10-05 09:05:04,GET /wp-content/uploads/2017/05/biodiesel.jpg HTTP/2.0,200.0,18061.0,https://www.smart-tbk.com/10-produk-luar-biasa-berkat-minyak-kelapa-sawit/,"Mozilla/5.0 (Linux; Android 9; vivo 1904) AppleWebKit/537.36 (KHTML, like Gecko) Chrome/74.0.3729.136 Mobile Safari/537.36",TLSv1.3,,,0.0,,0.0,NC:000000,UP:-DT
190,140.213.34.150,goldenagri.com.sg,2022-10-05 09:05:04,GET /wp-content/uploads/2017/05/shampoo.jpg HTTP/2.0,200.0,6047.0,https://www.smart-tbk.com/10-produk-luar-biasa-berkat-minyak-kelapa-sawit/,"Mozilla/5.0 (Linux; Android 9; vivo 1904) AppleWebKit/537.36 (KHTML, like Gecko) Chrome/74.0.3729.136 Mobile Safari/537.36",TLSv1.3,,,0.0,,0.0,NC:000000,UP:-DT
192,140.213.34.150,goldenagri.com.sg,2022-10-05 09:05:04,GET /wp-content/uploads/2017/05/instant-noodle.jpg HTTP/2.0,200.0,7806.0,https://www.smart-tbk.com/10-produk-luar-biasa-berkat-minyak-kelapa-sawit/,"Mozilla/5.0 (Linux; Android 9; vivo 1904) AppleWebKit/537.36 (KHTML, like Gecko) Chrome/74.0.3729.136 Mobile Safari/537.36",TLSv1.3,,,0.025,,0.0,NC:000000,UP:-DT
194,140.213.34.150,goldenagri.com.sg,2022-10-05 09:05:04,GET /wp-content/uploads/2017/05/butter.jpg HTTP/2.0,200.0,6824.0,https://www.smart-tbk.com/10-produk-luar-biasa-berkat-minyak-kelapa-sawit/,"Mozilla/5.0 (Linux; Android 9; vivo 1904) AppleWebKit/537.36 (KHTML, like Gecko) Chrome/74.0.3729.136 Mobile Safari/537.36",TLSv1.3,,,0.025,,0.0,NC:000000,UP:-DT
196,140.213.34.150,goldenagri.com.sg,2022-10-05 09:05:04,GET /wp-content/uploads/2017/05/fragrant.jpg HTTP/2.0,200.0,7336.0,https://www.smart-tbk.com/10-produk-luar-biasa-berkat-minyak-kelapa-sawit/,"Mozilla/5.0 (Linux; Android 9; vivo 1904) AppleWebKit/537.36 (KHTML, like Gecko) Chrome/74.0.3729.136 Mobile Safari/537.36",TLSv1.3,,,0.025,,0.0,NC:000000,UP:-DT
198,140.213.34.150,goldenagri.com.sg,2022-10-05 09:05:04,GET /wp-content/uploads/2017/05/cookie.jpg HTTP/2.0,200.0,10088.0,https://www.smart-tbk.com/10-produk-luar-biasa-berkat-minyak-kelapa-sawit/,"Mozilla/5.0 (Linux; Android 9; vivo 1904) AppleWebKit/537.36 (KHTML, like Gecko) Chrome/74.0.3729.136 Mobile Safari/537.36",TLSv1.3,,,0.025,,0.0,NC:000000,UP:-DT
200,140.213.34.150,goldenagri.com.sg,2022-10-05 09:05:04,GET /wp-content/uploads/2017/05/lpstick.jpg HTTP/2.0,200.0,7399.0,https://www.smart-tbk.com/10-produk-luar-biasa-berkat-minyak-kelapa-sawit/,"Mozilla/5.0 (Linux; Android 9; vivo 1904) AppleWebKit/537.36 (KHTML, like Gecko) Chrome/74.0.3729.136 Mobile Safari/537.36",TLSv1.3,,,0.017,,0.0,NC:000000,UP:-DT
202,140.213.34.150,goldenagri.com.sg,2022-10-05 09:05:04,GET /wp-content/uploads/2017/05/choco.jpg HTTP/2.0,200.0,12390.0,https://www.smart-tbk.com/10-produk-luar-biasa-berkat-minyak-kelapa-sawit/,"Mozilla/5.0 (Linux; Android 9; vivo 1904) AppleWebKit/537.36 (KHTML, like Gecko) Chrome/74.0.3729.136 Mobile Safari/537.36",TLSv1.3,,,0.003,,0.0,NC:000000,UP:-DT
204,158.140.131.122,www.goldenagri.com.sg,2022-10-05 09:04:45,GET / HTTP/2.0,200.0,18928.0,,Mozilla/5.0 (Windows NT 10.0; Win64; x64; rv:92.0) Gecko/20100101 Firefox/92.0,TLSv1.3,,,0.001,HIT,0.0,NC:000000,UP:-
206,210.104.210.11,www.goldenagri.com.sg,2022-10-05 09:04:36,GET /cn/golden-agri-resources-gar-rebrands-its-animal-feed-supplements-as-gonutri-in-spain/ HTTP/2.0,200.0,54019.0,,Mozilla/5.0 (Windows NT 10.0; Win64; x64; rv:102.0) Gecko/20100101 Firefox/102.0,TLSv1.3,,,0.099,HIT,0.0,NC:000000,UP:-
208,182.72.145.197,www.goldenagri.com.sg,2022-10-05 09:04:25,GET /news-events/press-releases/ HTTP/2.0,200.0,39422.0,,"Mozilla/5.0 (X11; Linux x86_64) AppleWebKit/537.11 (KHTML, like Gecko) Chrome/65.0.3325.181 Safari/537.11",TLSv1.3,,,0.001,HIT,0.0,NC:000000,UP:-
210,51.222.253.5,www.goldenagri.com.sg,2022-10-05 09:04:19,GET /cn/work-with-us HTTP/2.0,301.0,0.0,,Mozilla/5.0 (compatible; AhrefsBot/7.0; +http://ahrefs.com/robot/),TLSv1.3,0.208,0.208,0.208,MISS,0.0,NC:000000,UP:-
212,2600:4041:54c6:e600:501e:e1b5:e5a5:4695,www.goldenagri.com.sg,2022-10-05 09:04:13,GET /feed/ HTTP/2.0,304.0,0.0,,"Mozilla/5.0 (Windows NT 10.0; Win64; x64) AppleWebKit/537.36 (KHTML, like Gecko) Chrome/106.0.0.0 Safari/537.36",TLSv1.3,,,0.001,HIT,0.0,NC:000000,UP:-
214,35.197.184.115,www.goldenagri.com.sg,2022-10-05 09:04:05,GET / HTTP/2.0,200.0,18928.0,https://goldenagri.com.sg/,Mozilla/5.0 (compatible; MonsidoUptime/1.0; +http://monsido.com/uptime.html; info@monsido.com),TLSv1.3,,,0.0,HIT,0.0,NC:000000,UP:-
216,35.197.184.115,goldenagri.com.sg,2022-10-05 09:04:05,GET / HTTP/1.1,301.0,0.0,,Mozilla/5.0 (compatible; MonsidoUptime/1.0; +http://monsido.com/uptime.html; info@monsido.com),TLSv1.2,0.222,0.222,0.223,MISS,0.0,NC:000000,UP:-
218,34.136.184.255,goldenagri.com.sg,2022-10-05 09:03:48,GET /wp-content/uploads/2017/07/310517-Mou-Signing-Sinarmas-dan-SNV-Noveradika-4-250x150.jpg HTTP/1.1,200.0,10414.0,,Mozilla/5.0 (X11; Ubuntu; Linux x86_64; rv:72.0) Gecko/20100101 Firefox/72.0,TLSv1.3,,,0.0,,0.0,NC:000000,UP:-DT
220,135.125.11.160,www.goldenagri.com.sg,2022-10-05 09:03:40,GET /feed/ HTTP/2.0,200.0,105494.0,https://www.google.com,"Mozilla/5.0 (Windows NT 10.0; Win64; x64) AppleWebKit/537.36 (KHTML, like Gecko) Chrome/89.0.459.158 Safari/537.36",TLSv1.3,,,0.162,HIT,0.0,NC:000000,UP:-
222,135.125.11.160,goldenagri.com.sg,2022-10-05 09:03:39,GET /feed HTTP/1.1,301.0,0.0,https://www.google.com,"Mozilla/5.0 (Windows NT 10.0; Win64; x64) AppleWebKit/537.36 (KHTML, like Gecko) Chrome/89.0.459.158 Safari/537.36",TLSv1.2,0.304,0.304,0.304,MISS,0.0,NC:000000,UP:-
224,69.191.249.211,www.goldenagri.com.sg,2022-10-05 09:03:32,GET /investors/ HTTP/2.0,200.0,19422.0,,"Mozilla/5.0 (X11; Linux x86_64) AppleWebKit/537.36 (KHTML, like Gecko) Chrome/66.0.3359 Safari/537.36",TLSv1.3,,,0.001,HIT,0.0,NC:000000,UP:-
226,115.178.194.205,www.goldenagri.com.sg,2022-10-05 09:03:26,POST /wp-admin/admin-ajax.php HTTP/2.0,200.0,65.0,https://www.goldenagri.com.sg/wp-admin/index.php,"Mozilla/5.0 (Windows NT 10.0; Win64; x64) AppleWebKit/537.36 (KHTML, like Gecko) Chrome/105.0.0.0 Safari/537.36",TLSv1.3,0.327,0.327,0.327,,0.0,NC:200000,UP:-DT
228,182.72.145.197,www.goldenagri.com.sg,2022-10-05 09:02:59,GET /investors/sgx-filings/ HTTP/2.0,200.0,64356.0,,"Mozilla/5.0 (X11; Linux x86_64) AppleWebKit/537.11 (KHTML, like Gecko) Chrome/65.0.3325.181 Safari/537.11",TLSv1.3,,,0.001,HIT,0.0,NC:000000,UP:-
230,195.93.211.65,www.goldenagri.com.sg,2022-10-05 09:02:43,GET /wp-content/uploads/2022/09/33488882768_ed6364a89f_k.jpg HTTP/2.0,200.0,1595374.0,https://www.goldenagri.com.sg/,"Mozilla/5.0 (Windows NT 10.0; Win64; x64) AppleWebKit/537.36 (KHTML, like Gecko) Chrome/105.0.0.0 Safari/537.36",TLSv1.3,,,0.944,,0.0,NC:000000,UP:-DT
232,66.96.249.130,www.goldenagri.com.sg,2022-10-05 09:02:43,GET /wp-content/uploads/2019/04/graph.jpg HTTP/2.0,200.0,206434.0,https://www.goldenagri.com.sg/harnessing-biogas-in-palm-oil-production/,"Mozilla/5.0 (Windows NT 10.0; Win64; x64) AppleWebKit/537.36 (KHTML, like Gecko) Chrome/105.0.0.0 Safari/537.36",TLSv1.3,,,0.014,,0.0,NC:000000,UP:-DT
234,195.93.211.65,www.goldenagri.com.sg,2022-10-05 09:02:43,GET /wp-content/uploads/2020/12/slide1-products.jpg HTTP/2.0,200.0,993855.0,https://www.goldenagri.com.sg/,"Mozilla/5.0 (Windows NT 10.0; Win64; x64) AppleWebKit/537.36 (KHTML, like Gecko) Chrome/105.0.0.0 Safari/537.36",TLSv1.3,,,0.863,,0.0,NC:000000,UP:-DT
236,195.93.211.65,www.goldenagri.com.sg,2022-10-05 09:02:43,GET /wp-content/uploads/2021/01/GAR-Profile-photo_Gotz-Martin-2-scaled.jpg HTTP/2.0,200.0,464719.0,https://www.goldenagri.com.sg/,"Mozilla/5.0 (Windows NT 10.0; Win64; x64) AppleWebKit/537.36 (KHTML, like Gecko) Chrome/105.0.0.0 Safari/537.36",TLSv1.3,,,0.768,,0.0,NC:000000,UP:-DT
238,195.93.211.65,www.goldenagri.com.sg,2022-10-05 09:02:43,GET /wp-content/uploads/2020/12/GAR-cn-building.jpg HTTP/2.0,200.0,584735.0,https://www.goldenagri.com.sg/,"Mozilla/5.0 (Windows NT 10.0; Win64; x64) AppleWebKit/537.36 (KHTML, like Gecko) Chrome/105.0.0.0 Safari/537.36",TLSv1.3,,,0.684,,0.0,NC:000000,UP:-DT
240,195.93.211.65,www.goldenagri.com.sg,2022-10-05 09:02:42,GET /wp-content/uploads/2020/12/ISoc-1.png HTTP/2.0,200.0,284734.0,https://www.goldenagri.com.sg/,"Mozilla/5.0 (Windows NT 10.0; Win64; x64) AppleWebKit/537.36 (KHTML, like Gecko) Chrome/105.0.0.0 Safari/537.36",TLSv1.3,,,0.5,,0.0,NC:000000,UP:-DT
242,195.93.211.65,www.goldenagri.com.sg,2022-10-05 09:02:42,GET /wp-content/uploads/2020/12/alex-kurniawan.jpg HTTP/2.0,200.0,361189.0,https://www.goldenagri.com.sg/,"Mozilla/5.0 (Windows NT 10.0; Win64; x64) AppleWebKit/537.36 (KHTML, like Gecko) Chrome/105.0.0.0 Safari/537.36",TLSv1.3,,,0.471,,0.0,NC:000000,UP:-DT
244,195.93.211.65,www.goldenagri.com.sg,2022-10-05 09:02:42,GET /wp-content/uploads/2020/12/slide2-m-workwus.jpg HTTP/2.0,200.0,104349.0,https://www.goldenagri.com.sg/,"Mozilla/5.0 (Windows NT 10.0; Win64; x64) AppleWebKit/537.36 (KHTML, like Gecko) Chrome/105.0.0.0 Safari/537.36",TLSv1.3,,,0.373,,0.0,NC:000000,UP:-DT
246,195.93.211.65,www.goldenagri.com.sg,2022-10-05 09:02:42,GET /wp-content/uploads/2020/12/filma-new-pack.png HTTP/2.0,200.0,175854.0,https://www.goldenagri.com.sg/,"Mozilla/5.0 (Windows NT 10.0; Win64; x64) AppleWebKit/537.36 (KHTML, like Gecko) Chrome/105.0.0.0 Safari/537.36",TLSv1.3,,,0.372,,0.0,NC:000000,UP:-DT
248,195.93.211.65,www.goldenagri.com.sg,2022-10-05 09:02:42,GET /wp-content/uploads/2020/12/ic_float8.png HTTP/2.0,200.0,4842.0,https://www.goldenagri.com.sg/,"Mozilla/5.0 (Windows NT 10.0; Win64; x64) AppleWebKit/537.36 (KHTML, like Gecko) Chrome/105.0.0.0 Safari/537.36",TLSv1.3,,,0.0,,0.0,NC:000000,UP:-DT
250,195.93.211.65,www.goldenagri.com.sg,2022-10-05 09:02:42,GET /wp-content/themes/gar-mdi/assets/js/script.js?v1 HTTP/2.0,200.0,11971.0,https://www.goldenagri.com.sg/,"Mozilla/5.0 (Windows NT 10.0; Win64; x64) AppleWebKit/537.36 (KHTML, like Gecko) Chrome/105.0.0.0 Safari/537.36",TLSv1.3,,,0.0,,0.0,NC:000000,UP:-DT
252,195.93.211.65,www.goldenagri.com.sg,2022-10-05 09:02:42,GET /wp-includes/js/dist/vendor/wp-polyfill.min.js?ver=3.15.0 HTTP/2.0,200.0,7967.0,https://www.goldenagri.com.sg/,"Mozilla/5.0 (Windows NT 10.0; Win64; x64) AppleWebKit/537.36 (KHTML, like Gecko) Chrome/105.0.0.0 Safari/537.36",TLSv1.3,,,0.0,,0.0,NC:000000,UP:-DT
254,195.93.211.65,www.goldenagri.com.sg,2022-10-05 09:02:42,GET /wp-content/plugins/contact-form-7/includes/js/index.js?ver=5.6.3 HTTP/2.0,200.0,4386.0,https://www.goldenagri.com.sg/,"Mozilla/5.0 (Windows NT 10.0; Win64; x64) AppleWebKit/537.36 (KHTML, like Gecko) Chrome/105.0.0.0 Safari/537.36",TLSv1.3,,,0.0,,0.0,NC:000100,UP:-DT
256,195.93.211.65,www.goldenagri.com.sg,2022-10-05 09:02:42,GET /wp-content/themes/gar-mdi/assets/plugins/modernizr.js HTTP/2.0,200.0,6686.0,https://www.goldenagri.com.sg/,"Mozilla/5.0 (Windows NT 10.0; Win64; x64) AppleWebKit/537.36 (KHTML, like Gecko) Chrome/105.0.0.0 Safari/537.36",TLSv1.3,,,0.0,,0.0,NC:000000,UP:-DT
258,195.93.211.65,www.goldenagri.com.sg,2022-10-05 09:02:42,GET /wp-content/uploads/2020/12/Group-3503.png HTTP/2.0,200.0,6506.0,https://www.goldenagri.com.sg/,"Mozilla/5.0 (Windows NT 10.0; Win64; x64) AppleWebKit/537.36 (KHTML, like Gecko) Chrome/105.0.0.0 Safari/537.36",TLSv1.3,,,0.0,,0.0,NC:000000,UP:-DT
260,195.93.211.65,www.goldenagri.com.sg,2022-10-05 09:02:42,GET /wp-content/plugins/simple-download-monitor/js/sdm_wp_scripts.js?ver=6.0.2 HTTP/2.0,200.0,1223.0,https://www.goldenagri.com.sg/,"Mozilla/5.0 (Windows NT 10.0; Win64; x64) AppleWebKit/537.36 (KHTML, like Gecko) Chrome/105.0.0.0 Safari/537.36",TLSv1.3,,,0.0,,0.0,NC:000000,UP:-DT
262,195.93.211.65,www.goldenagri.com.sg,2022-10-05 09:02:42,GET /wp-includes/js/dist/vendor/regenerator-runtime.min.js?ver=0.13.9 HTTP/2.0,200.0,2647.0,https://www.goldenagri.com.sg/,"Mozilla/5.0 (Windows NT 10.0; Win64; x64) AppleWebKit/537.36 (KHTML, like Gecko) Chrome/105.0.0.0 Safari/537.36",TLSv1.3,,,0.0,,0.0,NC:000000,UP:-DT
264,195.93.211.65,www.goldenagri.com.sg,2022-10-05 09:02:42,GET /wp-content/uploads/2020/12/Group-3453.png HTTP/2.0,200.0,8133.0,https://www.goldenagri.com.sg/,"Mozilla/5.0 (Windows NT 10.0; Win64; x64) AppleWebKit/537.36 (KHTML, like Gecko) Chrome/105.0.0.0 Safari/537.36",TLSv1.3,,,0.0,,0.0,NC:000000,UP:-DT
266,195.93.211.65,www.goldenagri.com.sg,2022-10-05 09:02:42,GET /wp-content/themes/gar-mdi/assets/plugins/popper.min.js HTTP/2.0,200.0,10689.0,https://www.goldenagri.com.sg/,"Mozilla/5.0 (Windows NT 10.0; Win64; x64) AppleWebKit/537.36 (KHTML, like Gecko) Chrome/105.0.0.0 Safari/537.36",TLSv1.3,,,0.0,,0.0,NC:000000,UP:-DT
268,195.93.211.65,www.goldenagri.com.sg,2022-10-05 09:02:42,GET /wp-content/themes/gar-mdi/assets/plugins/normalize.min.css HTTP/2.0,200.0,939.0,https://www.goldenagri.com.sg/,"Mozilla/5.0 (Windows NT 10.0; Win64; x64) AppleWebKit/537.36 (KHTML, like Gecko) Chrome/105.0.0.0 Safari/537.36",TLSv1.3,,,0.0,,0.0,NC:000000,UP:-DT
270,195.93.211.65,www.goldenagri.com.sg,2022-10-05 09:02:42,GET /wp-content/plugins/wpglobus/includes/js/wpglobus.min.js?ver=2.10.4 HTTP/2.0,200.0,363.0,https://www.goldenagri.com.sg/,"Mozilla/5.0 (Windows NT 10.0; Win64; x64) AppleWebKit/537.36 (KHTML, like Gecko) Chrome/105.0.0.0 Safari/537.36",TLSv1.3,,,0.0,,0.0,NC:000000,UP:-DT
272,195.93.211.65,www.goldenagri.com.sg,2022-10-05 09:02:42,GET /wp-content/uploads/2020/12/Group-3482.png HTTP/2.0,200.0,7059.0,https://www.goldenagri.com.sg/,"Mozilla/5.0 (Windows NT 10.0; Win64; x64) AppleWebKit/537.36 (KHTML, like Gecko) Chrome/105.0.0.0 Safari/537.36",TLSv1.3,,,0.0,,0.0,NC:000000,UP:-DT
274,195.93.211.65,www.goldenagri.com.sg,2022-10-05 09:02:42,GET /wp-content/uploads/2020/12/Group-3372.png HTTP/2.0,200.0,8088.0,https://www.goldenagri.com.sg/,"Mozilla/5.0 (Windows NT 10.0; Win64; x64) AppleWebKit/537.36 (KHTML, like Gecko) Chrome/105.0.0.0 Safari/537.36",TLSv1.3,,,0.0,,0.0,NC:000000,UP:-DT
276,195.93.211.65,www.goldenagri.com.sg,2022-10-05 09:02:42,GET /wp-content/uploads/2020/12/SINARMAS-ICON-PUTIH-10.png HTTP/2.0,200.0,1734.0,https://www.goldenagri.com.sg/,"Mozilla/5.0 (Windows NT 10.0; Win64; x64) AppleWebKit/537.36 (KHTML, like Gecko) Chrome/105.0.0.0 Safari/537.36",TLSv1.3,,,0.0,,0.0,NC:000000,UP:-DT
278,195.93.211.65,www.goldenagri.com.sg,2022-10-05 09:02:42,GET /wp-content/uploads/2020/12/Group-3581.png HTTP/2.0,200.0,6376.0,https://www.goldenagri.com.sg/,"Mozilla/5.0 (Windows NT 10.0; Win64; x64) AppleWebKit/537.36 (KHTML, like Gecko) Chrome/105.0.0.0 Safari/537.36",TLSv1.3,,,0.0,,0.0,NC:000000,UP:-DT
280,195.93.211.65,www.goldenagri.com.sg,2022-10-05 09:02:42,GET /wp-content/uploads/2020/12/ic_float4.png HTTP/2.0,200.0,4854.0,https://www.goldenagri.com.sg/,"Mozilla/5.0 (Windows NT 10.0; Win64; x64) AppleWebKit/537.36 (KHTML, like Gecko) Chrome/105.0.0.0 Safari/537.36",TLSv1.3,,,0.0,,0.0,NC:000000,UP:-DT
282,195.93.211.65,www.goldenagri.com.sg,2022-10-05 09:02:42,GET /wp-content/themes/gar-mdi/assets/plugins/OwlCarousel2/assets/owl.carousel.min.css HTTP/2.0,200.0,1145.0,https://www.goldenagri.com.sg/,"Mozilla/5.0 (Windows NT 10.0; Win64; x64) AppleWebKit/537.36 (KHTML, like Gecko) Chrome/105.0.0.0 Safari/537.36",TLSv1.3,,,0.0,,0.0,NC:000000,UP:-DT
284,195.93.211.65,www.goldenagri.com.sg,2022-10-05 09:02:42,GET /wp-content/plugins/mailchimp//js/scrollTo.js?ver=1.5.7 HTTP/2.0,200.0,1230.0,https://www.goldenagri.com.sg/,"Mozilla/5.0 (Windows NT 10.0; Win64; x64) AppleWebKit/537.36 (KHTML, like Gecko) Chrome/105.0.0.0 Safari/537.36",TLSv1.3,,,0.0,,0.0,NC:000000,UP:-DT
286,195.93.211.65,www.goldenagri.com.sg,2022-10-05 09:02:42,GET /wp-content/themes/gar-mdi/assets/img/gar-logo.svg HTTP/2.0,200.0,17633.0,https://www.goldenagri.com.sg/,"Mozilla/5.0 (Windows NT 10.0; Win64; x64) AppleWebKit/537.36 (KHTML, like Gecko) Chrome/105.0.0.0 Safari/537.36",TLSv1.3,,,0.0,,0.0,NC:000000,UP:-DT
288,195.93.211.65,www.goldenagri.com.sg,2022-10-05 09:02:42,GET /wp-content/uploads/2020/12/ic_float2.png HTTP/2.0,200.0,556.0,https://www.goldenagri.com.sg/,"Mozilla/5.0 (Windows NT 10.0; Win64; x64) AppleWebKit/537.36 (KHTML, like Gecko) Chrome/105.0.0.0 Safari/537.36",TLSv1.3,,,0.0,,0.0,NC:000000,UP:-DT
290,195.93.211.65,www.goldenagri.com.sg,2022-10-05 09:02:42,GET /wp-content/uploads/2020/12/Group-3504.png HTTP/2.0,200.0,9160.0,https://www.goldenagri.com.sg/,"Mozilla/5.0 (Windows NT 10.0; Win64; x64) AppleWebKit/537.36 (KHTML, like Gecko) Chrome/105.0.0.0 Safari/537.36",TLSv1.3,,,0.0,,0.0,NC:000000,UP:-DT
292,195.93.211.65,www.goldenagri.com.sg,2022-10-05 09:02:42,GET /wp-content/uploads/2020/12/ICON-7.png HTTP/2.0,200.0,2868.0,https://www.goldenagri.com.sg/,"Mozilla/5.0 (Windows NT 10.0; Win64; x64) AppleWebKit/537.36 (KHTML, like Gecko) Chrome/105.0.0.0 Safari/537.36",TLSv1.3,,,0.0,,0.0,NC:000000,UP:-DT
294,195.93.211.65,www.goldenagri.com.sg,2022-10-05 09:02:42,GET /wp-content/uploads/2020/12/Group-3439.png HTTP/2.0,200.0,7732.0,https://www.goldenagri.com.sg/,"Mozilla/5.0 (Windows NT 10.0; Win64; x64) AppleWebKit/537.36 (KHTML, like Gecko) Chrome/105.0.0.0 Safari/537.36",TLSv1.3,,,0.0,,0.0,NC:000000,UP:-DT
296,195.93.211.65,www.goldenagri.com.sg,2022-10-05 09:02:42,GET /wp-content/uploads/2020/12/Group-3485.png HTTP/2.0,200.0,6697.0,https://www.goldenagri.com.sg/,"Mozilla/5.0 (Windows NT 10.0; Win64; x64) AppleWebKit/537.36 (KHTML, like Gecko) Chrome/105.0.0.0 Safari/537.36",TLSv1.3,,,0.0,,0.0,NC:000000,UP:-DT
298,195.93.211.65,www.goldenagri.com.sg,2022-10-05 09:02:42,GET /wp-content/plugins/custom-twitter-feeds/css/ctf-styles.min.css?ver=2.0.3 HTTP/2.0,200.0,3824.0,https://www.goldenagri.com.sg/,"Mozilla/5.0 (Windows NT 10.0; Win64; x64) AppleWebKit/537.36 (KHTML, like Gecko) Chrome/105.0.0.0 Safari/537.36",TLSv1.3,,,0.0,,0.0,NC:000000,UP:-DT
300,195.93.211.65,www.goldenagri.com.sg,2022-10-05 09:02:42,GET /wp-content/uploads/2020/12/ICON-5.png HTTP/2.0,200.0,2933.0,https://www.goldenagri.com.sg/,"Mozilla/5.0 (Windows NT 10.0; Win64; x64) AppleWebKit/537.36 (KHTML, like Gecko) Chrome/105.0.0.0 Safari/537.36",TLSv1.3,,,0.0,,0.0,NC:000000,UP:-DT
302,195.93.211.65,www.goldenagri.com.sg,2022-10-05 09:02:42,GET /sustainability-dashboard/assets/css/dataTables/dataTables.bootstrap.css HTTP/2.0,200.0,2231.0,https://www.goldenagri.com.sg/,"Mozilla/5.0 (Windows NT 10.0; Win64; x64) AppleWebKit/537.36 (KHTML, like Gecko) Chrome/105.0.0.0 Safari/537.36",TLSv1.3,,,0.0,,0.0,NC:000000,UP:-DT
304,195.93.211.65,www.goldenagri.com.sg,2022-10-05 09:02:42,GET /wp-content/uploads/2020/12/Group-3462.png HTTP/2.0,200.0,5803.0,https://www.goldenagri.com.sg/,"Mozilla/5.0 (Windows NT 10.0; Win64; x64) AppleWebKit/537.36 (KHTML, like Gecko) Chrome/105.0.0.0 Safari/537.36",TLSv1.3,,,0.0,,0.0,NC:000000,UP:-DT
306,195.93.211.65,www.goldenagri.com.sg,2022-10-05 09:02:42,GET /wp-content/themes/gar-mdi/assets/img/ic_chevron_down.svg HTTP/2.0,200.0,263.0,https://www.goldenagri.com.sg/,"Mozilla/5.0 (Windows NT 10.0; Win64; x64) AppleWebKit/537.36 (KHTML, like Gecko) Chrome/105.0.0.0 Safari/537.36",TLSv1.3,,,0.0,,0.0,NC:000000,UP:-DT
308,195.93.211.65,www.goldenagri.com.sg,2022-10-05 09:02:42,GET /wp-content/uploads/2020/12/Group-3461.png HTTP/2.0,200.0,6709.0,https://www.goldenagri.com.sg/,"Mozilla/5.0 (Windows NT 10.0; Win64; x64) AppleWebKit/537.36 (KHTML, like Gecko) Chrome/105.0.0.0 Safari/537.36",TLSv1.3,,,0.0,,0.0,NC:000000,UP:-DT
310,195.93.211.65,www.goldenagri.com.sg,2022-10-05 09:02:42,GET /wp-content/themes/gar-mdi/assets/plugins/bootstrap-4.5.0/css/bootstrap.css HTTP/2.0,200.0,35729.0,https://www.goldenagri.com.sg/,"Mozilla/5.0 (Windows NT 10.0; Win64; x64) AppleWebKit/537.36 (KHTML, like Gecko) Chrome/105.0.0.0 Safari/537.36",TLSv1.3,,,0.001,,0.0,NC:000000,UP:-DT
312,195.93.211.65,www.goldenagri.com.sg,2022-10-05 09:02:42,GET /wp-includes/js/jquery/ui/core.min.js?ver=1.13.1 HTTP/2.0,200.0,7737.0,https://www.goldenagri.com.sg/,"Mozilla/5.0 (Windows NT 10.0; Win64; x64) AppleWebKit/537.36 (KHTML, like Gecko) Chrome/105.0.0.0 Safari/537.36",TLSv1.3,,,0.0,,0.0,NC:000000,UP:-DT
314,195.93.211.65,www.goldenagri.com.sg,2022-10-05 09:02:42,GET /wp-includes/js/jquery/jquery.min.js?ver=3.6.0 HTTP/2.0,200.0,36052.0,https://www.goldenagri.com.sg/,"Mozilla/5.0 (Windows NT 10.0; Win64; x64) AppleWebKit/537.36 (KHTML, like Gecko) Chrome/105.0.0.0 Safari/537.36",TLSv1.3,,,0.0,,0.0,NC:000000,UP:-DT
316,195.93.211.65,www.goldenagri.com.sg,2022-10-05 09:02:42,GET /wp-includes/js/jquery/jquery-migrate.min.js?ver=3.3.2 HTTP/2.0,200.0,4565.0,https://www.goldenagri.com.sg/,"Mozilla/5.0 (Windows NT 10.0; Win64; x64) AppleWebKit/537.36 (KHTML, like Gecko) Chrome/105.0.0.0 Safari/537.36",TLSv1.3,,,0.0,,0.0,NC:000000,UP:-DT
318,195.93.211.65,www.goldenagri.com.sg,2022-10-05 09:02:42,GET /wp-content/themes/gar-mdi/assets/plugins/fancybox/jquery.fancybox3.2.min.css HTTP/2.0,200.0,3701.0,https://www.goldenagri.com.sg/,"Mozilla/5.0 (Windows NT 10.0; Win64; x64) AppleWebKit/537.36 (KHTML, like Gecko) Chrome/105.0.0.0 Safari/537.36",TLSv1.3,,,0.001,,0.0,NC:000000,UP:-DT
320,195.93.211.65,www.goldenagri.com.sg,2022-10-05 09:02:42,GET /wp-content/plugins/email-before-download/public/css/email-before-download-public.css?ver=6.9.6 HTTP/2.0,200.0,116.0,https://www.goldenagri.com.sg/,"Mozilla/5.0 (Windows NT 10.0; Win64; x64) AppleWebKit/537.36 (KHTML, like Gecko) Chrome/105.0.0.0 Safari/537.36",TLSv1.3,,,0.0,,0.0,NC:000000,UP:-DT
322,195.93.211.65,www.goldenagri.com.sg,2022-10-05 09:02:42,GET /wp-includes/css/dist/block-library/style.min.css?ver=6.0.2 HTTP/2.0,200.0,15139.0,https://www.goldenagri.com.sg/,"Mozilla/5.0 (Windows NT 10.0; Win64; x64) AppleWebKit/537.36 (KHTML, like Gecko) Chrome/105.0.0.0 Safari/537.36",TLSv1.3,,,0.0,,0.0,NC:000000,UP:-DT
324,195.93.211.65,www.goldenagri.com.sg,2022-10-05 09:02:41,GET /?mcsf_action=main_css&ver=6.0.2 HTTP/2.0,200.0,389.0,https://www.goldenagri.com.sg/,"Mozilla/5.0 (Windows NT 10.0; Win64; x64) AppleWebKit/537.36 (KHTML, like Gecko) Chrome/105.0.0.0 Safari/537.36",TLSv1.3,,,0.0,HIT,0.0,NC:000000,UP:-
326,195.93.211.65,www.goldenagri.com.sg,2022-10-05 09:02:41,GET / HTTP/2.0,200.0,18928.0,https://www.google.com/,"Mozilla/5.0 (Windows NT 10.0; Win64; x64) AppleWebKit/537.36 (KHTML, like Gecko) Chrome/105.0.0.0 Safari/537.36",TLSv1.3,,,0.001,HIT,0.0,NC:000000,UP:-
328,18.214.192.90,www.goldenagri.com.sg,2022-10-05 09:02:39,GET /wp-admin/admin-ajax.php?postviews_id=63438&action=postviews&_=1664960558915 HTTP/2.0,200.0,5.0,https://www.goldenagri.com.sg/investors/financial-highlights-reports-presentations/quarterly-reports/,"Mozilla/5.0 (Windows NT 10.0; WOW64) AppleWebKit/537.36 (KHTML, like Gecko) Chrome/90.0.4430.72 Safari/537.36",TLSv1.3,0.267,0.267,0.267,MISS,0.0,NC:000000,UP:SKIP_CACHE_NO_CACHE
330,18.214.192.90,www.goldenagri.com.sg,2022-10-05 09:02:38,GET /?mcsf_action=main_css&ver=6.0.2 HTTP/2.0,200.0,389.0,https://www.goldenagri.com.sg/investors/financial-highlights-reports-presentations/quarterly-reports/,"Mozilla/5.0 (Windows NT 10.0; WOW64) AppleWebKit/537.36 (KHTML, like Gecko) Chrome/90.0.4430.72 Safari/537.36",TLSv1.3,,,0.0,HIT,0.0,NC:000000,UP:-
332,18.214.192.90,www.goldenagri.com.sg,2022-10-05 09:02:38,GET /investors/financial-highlights-reports-presentations/quarterly-reports/ HTTP/2.0,200.0,17244.0,,"Mozilla/5.0 (Windows NT 10.0; WOW64) AppleWebKit/537.36 (KHTML, like Gecko) Chrome/90.0.4430.72 Safari/537.36",TLSv1.3,,,0.0,HIT,0.0,NC:000000,UP:-
334,66.96.249.130,www.goldenagri.com.sg,2022-10-05 09:02:32,GET /wp-content/uploads/2019/04/hrn3.jpg HTTP/2.0,200.0,390150.0,https://www.goldenagri.com.sg/harnessing-biogas-in-palm-oil-production/,"Mozilla/5.0 (Windows NT 10.0; Win64; x64) AppleWebKit/537.36 (KHTML, like Gecko) Chrome/105.0.0.0 Safari/537.36",TLSv1.3,,,0.018,,0.0,NC:000000,UP:-DT
336,18.214.192.90,www.goldenagri.com.sg,2022-10-05 09:02:32,GET /wp-content/uploads/2022/04/operation-review-2.png HTTP/2.0,200.0,217345.0,https://www.goldenagri.com.sg/investors/financial-highlights-reports-presentations/annual-reports/,"Mozilla/5.0 (Windows NT 10.0; WOW64) AppleWebKit/537.36 (KHTML, like Gecko) Chrome/90.0.4430.72 Safari/537.36",TLSv1.3,,,0.722,,0.0,NC:000000,UP:-DT
338,18.214.192.90,goldenagri.com.sg,2022-10-05 09:02:31,GET /wp-content/uploads/2020/12/icn-sup.svg HTTP/2.0,200.0,526.0,https://www.goldenagri.com.sg/,"Mozilla/5.0 (Windows NT 10.0; WOW64) AppleWebKit/537.36 (KHTML, like Gecko) Chrome/90.0.4430.72 Safari/537.36",TLSv1.3,,,0.0,,0.0,NC:000000,UP:-DT
340,18.214.192.90,www.goldenagri.com.sg,2022-10-05 09:02:31,GET /wp-admin/admin-ajax.php?postviews_id=63445&action=postviews&_=1664960550540 HTTP/2.0,200.0,5.0,https://www.goldenagri.com.sg/investors/financial-highlights-reports-presentations/annual-reports/,"Mozilla/5.0 (Windows NT 10.0; WOW64) AppleWebKit/537.36 (KHTML, like Gecko) Chrome/90.0.4430.72 Safari/537.36",TLSv1.3,0.289,0.289,0.289,MISS,0.0,NC:000000,UP:SKIP_CACHE_NO_CACHE
342,18.214.192.90,www.goldenagri.com.sg,2022-10-05 09:02:30,GET /?mcsf_action=main_css&ver=6.0.2 HTTP/2.0,200.0,389.0,https://www.goldenagri.com.sg/investors/financial-highlights-reports-presentations/annual-reports/,"Mozilla/5.0 (Windows NT 10.0; WOW64) AppleWebKit/537.36 (KHTML, like Gecko) Chrome/90.0.4430.72 Safari/537.36",TLSv1.3,,,0.0,HIT,0.0,NC:000000,UP:-
344,18.214.192.90,www.goldenagri.com.sg,2022-10-05 09:02:29,GET /investors/financial-highlights-reports-presentations/annual-reports/ HTTP/2.0,200.0,19134.0,,"Mozilla/5.0 (Windows NT 10.0; WOW64) AppleWebKit/537.36 (KHTML, like Gecko) Chrome/90.0.4430.72 Safari/537.36",TLSv1.3,,,0.0,HIT,0.0,NC:000000,UP:-
346,66.96.249.130,www.goldenagri.com.sg,2022-10-05 09:02:29,GET /wp-admin/admin-ajax.php?postviews_id=33100&action=postviews&_=1664960138238 HTTP/2.0,200.0,4.0,https://www.goldenagri.com.sg/harnessing-biogas-in-palm-oil-production/,"Mozilla/5.0 (Windows NT 10.0; Win64; x64) AppleWebKit/537.36 (KHTML, like Gecko) Chrome/105.0.0.0 Safari/537.36",TLSv1.3,0.351,0.351,0.351,MISS,0.0,NC:000000,UP:SKIP_CACHE_NO_CACHE
348,66.96.249.130,www.goldenagri.com.sg,2022-10-05 09:02:28,GET /?mcsf_action=main_css&ver=6.0.2 HTTP/2.0,200.0,389.0,https://www.goldenagri.com.sg/harnessing-biogas-in-palm-oil-production/,"Mozilla/5.0 (Windows NT 10.0; Win64; x64) AppleWebKit/537.36 (KHTML, like Gecko) Chrome/105.0.0.0 Safari/537.36",TLSv1.3,,,0.0,HIT,0.0,NC:000000,UP:-
350,66.96.249.130,www.goldenagri.com.sg,2022-10-05 09:02:27,GET /harnessing-biogas-in-palm-oil-production/ HTTP/2.0,200.0,52891.0,https://www.goldenagri.com.sg/search/?q=methane%20capture,"Mozilla/5.0 (Windows NT 10.0; Win64; x64) AppleWebKit/537.36 (KHTML, like Gecko) Chrome/105.0.0.0 Safari/537.36",TLSv1.3,,,0.001,HIT,0.0,NC:000000,UP:-
352,18.214.192.90,www.goldenagri.com.sg,2022-10-05 09:02:21,GET /wp-content/themes/gar-mdi/assets/fonts/tahoma.woff HTTP/2.0,200.0,97220.0,https://www.goldenagri.com.sg/wp-content/themes/gar-mdi/assets/css/style.css?v3.1,"Mozilla/5.0 (Windows NT 10.0; WOW64) AppleWebKit/537.36 (KHTML, like Gecko) Chrome/90.0.4430.72 Safari/537.36",TLSv1.3,,,0.25,,0.0,NC:000000,UP:-DT
354,18.214.192.90,www.goldenagri.com.sg,2022-10-05 09:02:20,GET /wp-admin/admin-ajax.php?postviews_id=63438&action=postviews&_=1664960540114 HTTP/2.0,200.0,5.0,https://www.goldenagri.com.sg/investors/financial-highlights-reports-presentations/quarterly-reports/,"Mozilla/5.0 (Windows NT 10.0; WOW64) AppleWebKit/537.36 (KHTML, like Gecko) Chrome/90.0.4430.72 Safari/537.36",TLSv1.3,0.307,0.307,0.307,MISS,0.0,NC:000000,UP:SKIP_CACHE_NO_CACHE
356,66.96.249.130,www.goldenagri.com.sg,2022-10-05 09:02:20,GET /wp-admin/admin-ajax.php?postviews_id=60991&action=postviews&_=1664960129381 HTTP/2.0,200.0,4.0,https://www.goldenagri.com.sg/search/?q=methane%20capture,"Mozilla/5.0 (Windows NT 10.0; Win64; x64) AppleWebKit/537.36 (KHTML, like Gecko) Chrome/105.0.0.0 Safari/537.36",TLSv1.3,0.363,0.363,0.363,MISS,0.0,NC:000000,UP:SKIP_CACHE_NO_CACHE
358,66.96.249.130,www.goldenagri.com.sg,2022-10-05 09:02:20,GET /?mcsf_action=main_css&ver=6.0.2 HTTP/2.0,200.0,389.0,https://www.goldenagri.com.sg/search/?q=methane%20capture,"Mozilla/5.0 (Windows NT 10.0; Win64; x64) AppleWebKit/537.36 (KHTML, like Gecko) Chrome/105.0.0.0 Safari/537.36",TLSv1.3,,,0.0,HIT,0.0,NC:000000,UP:-
360,18.214.192.90,www.goldenagri.com.sg,2022-10-05 09:02:19,GET /?mcsf_action=main_css&ver=6.0.2 HTTP/2.0,200.0,389.0,https://www.goldenagri.com.sg/investors/financial-highlights-reports-presentations/quarterly-reports/,"Mozilla/5.0 (Windows NT 10.0; WOW64) AppleWebKit/537.36 (KHTML, like Gecko) Chrome/90.0.4430.72 Safari/537.36",TLSv1.3,,,0.0,HIT,0.0,NC:000000,UP:-
362,66.96.249.130,www.goldenagri.com.sg,2022-10-05 09:02:19,GET /search/?q=methane%20capture HTTP/2.0,200.0,15300.0,https://www.goldenagri.com.sg/forest-conservation-determine-protect/,"Mozilla/5.0 (Windows NT 10.0; Win64; x64) AppleWebKit/537.36 (KHTML, like Gecko) Chrome/105.0.0.0 Safari/537.36",TLSv1.3,0.455,0.46,0.46,MISS,0.0,NC:000000,UP:-
364,18.214.192.90,www.goldenagri.com.sg,2022-10-05 09:02:19,GET /investors/financial-highlights-reports-presentations/quarterly-reports/ HTTP/2.0,200.0,17244.0,,"Mozilla/5.0 (Windows NT 10.0; WOW64) AppleWebKit/537.36 (KHTML, like Gecko) Chrome/90.0.4430.72 Safari/537.36",TLSv1.3,,,0.001,HIT,0.0,NC:000000,UP:-
366,66.96.249.130,www.goldenagri.com.sg,2022-10-05 09:02:19,GET /search?q=methane%20capture HTTP/2.0,301.0,0.0,https://www.goldenagri.com.sg/forest-conservation-determine-protect/,"Mozilla/5.0 (Windows NT 10.0; Win64; x64) AppleWebKit/537.36 (KHTML, like Gecko) Chrome/105.0.0.0 Safari/537.36",TLSv1.3,0.216,0.216,0.217,MISS,0.0,NC:000000,UP:-
368,69.191.249.221,www.goldenagri.com.sg,2022-10-05 09:02:17,GET /investors/financial-highlights-reports-presentations/investor-presentations/ HTTP/2.0,200.0,18300.0,,"Mozilla/5.0 (X11; Linux x86_64) AppleWebKit/537.36 (KHTML, like Gecko) Chrome/66.0.3359 Safari/537.36",TLSv1.3,,,0.0,HIT,0.0,NC:000000,UP:-
370,182.72.145.197,www.goldenagri.com.sg,2022-10-05 09:02:02,GET /news-events/press-releases/ HTTP/2.0,200.0,39422.0,,"Mozilla/5.0 (X11; Linux x86_64) AppleWebKit/537.11 (KHTML, like Gecko) Chrome/65.0.3325.181 Safari/537.11",TLSv1.3,,,0.001,HIT,0.0,NC:000000,UP:-
372,182.72.145.197,goldenagri.com.sg,2022-10-05 09:02:01,GET /newsrooms/press-releases/ HTTP/1.1,301.0,0.0,,"Mozilla/5.0 (X11; Linux x86_64) AppleWebKit/537.11 (KHTML, like Gecko) Chrome/65.0.3325.181 Safari/537.11",TLSv1.2,0.263,0.263,0.264,MISS,0.0,NC:000000,UP:-
374,50.17.242.50,www.goldenagri.com.sg,2022-10-05 09:02:00,GET /wp-admin/admin-ajax.php?postviews_id=36375&action=postviews&_=1664960516439 HTTP/2.0,200.0,5.0,https://www.goldenagri.com.sg/news-events/press-releases/,"Mozilla/5.0 (Windows NT 10.0; Win64; x64) AppleWebKit/537.36 (KHTML, like Gecko) Chrome/85.0.4183.83 Safari/537.36",TLSv1.3,0.269,0.269,0.269,MISS,0.0,NC:000000,UP:SKIP_CACHE_NO_CACHE
376,50.17.242.50,www.goldenagri.com.sg,2022-10-05 09:01:58,GET /wp-content/themes/gar-mdi/assets/plugins/chartjs/Chart.min.js HTTP/2.0,200.0,62531.0,https://www.goldenagri.com.sg/news-events/press-releases/,"Mozilla/5.0 (Windows NT 10.0; Win64; x64) AppleWebKit/537.36 (KHTML, like Gecko) Chrome/85.0.4183.83 Safari/537.36",TLSv1.3,,,0.253,,0.0,NC:000000,UP:-DT
378,50.17.242.50,www.goldenagri.com.sg,2022-10-05 09:01:55,GET /?mcsf_action=main_css&ver=6.0.2 HTTP/2.0,200.0,389.0,https://www.goldenagri.com.sg/news-events/press-releases/,"Mozilla/5.0 (Windows NT 10.0; Win64; x64) AppleWebKit/537.36 (KHTML, like Gecko) Chrome/85.0.4183.83 Safari/537.36",TLSv1.3,,,0.0,HIT,0.0,NC:000000,UP:-
380,50.17.242.50,www.goldenagri.com.sg,2022-10-05 09:01:55,GET /news-events/press-releases/ HTTP/2.0,200.0,39422.0,,"Mozilla/5.0 (Windows NT 10.0; Win64; x64) AppleWebKit/537.36 (KHTML, like Gecko) Chrome/85.0.4183.83 Safari/537.36",TLSv1.3,,,0.0,HIT,0.0,NC:000000,UP:-
382,54.146.160.207,goldenagri.com.sg,2022-10-05 09:01:55,GET /newsrooms/press-releases/ HTTP/1.1,301.0,0.0,,"Mozilla/5.0 (Windows NT 10.0; Win64; x64) AppleWebKit/537.36 (KHTML, like Gecko) Chrome/85.0.4183.83 Safari/537.36",TLSv1.2,0.23,0.23,0.23,MISS,0.0,NC:000000,UP:-
384,54.146.160.207,goldenagri.com.sg,2022-10-05 09:01:53,GET /newsrooms/press-releases/ HTTP/1.1,301.0,259.0,,"Mozilla/5.0 (Windows NT 10.0; Win64; x64) AppleWebKit/537.36 (KHTML, like Gecko) Chrome/85.0.4183.83 Safari/537.36",,0.012,0.012,0.012,MISS,0.0,NC:000000,UP:-
386,69.191.249.202,www.goldenagri.com.sg,2022-10-05 09:01:46,GET /news-events/press-releases/ HTTP/2.0,200.0,39422.0,,"Mozilla/5.0 (X11; Linux x86_64) AppleWebKit/537.36 (KHTML, like Gecko) Chrome/66.0.3359 Safari/537.36",TLSv1.3,,,0.001,HIT,0.0,NC:000000,UP:-
388,66.249.71.211,goldenagri.com.sg,2022-10-05 09:01:28,GET /wp-content/uploads/2020/04/Rev-Infographic-How-Palm-Oil-keeps-you-clean-06-1024x558.jpg HTTP/1.1,200.0,76182.0,,Googlebot-Image/1.0,TLSv1.3,,,0.058,,0.0,NC:000000,UP:-DT
390,115.178.194.205,www.goldenagri.com.sg,2022-10-05 09:01:26,POST /wp-admin/admin-ajax.php HTTP/2.0,200.0,67.0,https://www.goldenagri.com.sg/wp-admin/index.php,"Mozilla/5.0 (Windows NT 10.0; Win64; x64) AppleWebKit/537.36 (KHTML, like Gecko) Chrome/105.0.0.0 Safari/537.36",TLSv1.3,0.379,0.379,0.38,,0.0,NC:200000,UP:-DT
392,69.191.249.210,www.goldenagri.com.sg,2022-10-05 09:01:12,GET /investors/financial-highlights-reports-presentations/quarterly-reports/ HTTP/2.0,200.0,17244.0,,"Mozilla/5.0 (X11; Linux x86_64) AppleWebKit/537.36 (KHTML, like Gecko) Chrome/66.0.3359 Safari/537.36",TLSv1.3,,,0.001,HIT,0.0,NC:000000,UP:-
394,129.126.160.33,www.goldenagri.com.sg,2022-10-05 09:01:08,GET /wp-admin/admin-ajax.php?postviews_id=36425&action=postviews&_=1664960467896 HTTP/2.0,200.0,5.0,https://www.goldenagri.com.sg/investors/,"Mozilla/5.0 (Windows NT 10.0; Win64; x64) AppleWebKit/537.36 (KHTML, like Gecko) Chrome/105.0.0.0 Safari/537.36 Edg/105.0.1343.53",TLSv1.3,0.296,0.296,0.296,MISS,0.0,NC:000000,UP:SKIP_CACHE_NO_CACHE
396,129.126.160.33,www.goldenagri.com.sg,2022-10-05 09:01:07,GET /?mcsf_action=main_css&ver=6.0.2 HTTP/2.0,200.0,389.0,https://www.goldenagri.com.sg/investors/,"Mozilla/5.0 (Windows NT 10.0; Win64; x64) AppleWebKit/537.36 (KHTML, like Gecko) Chrome/105.0.0.0 Safari/537.36 Edg/105.0.1343.53",TLSv1.3,,,0.0,HIT,0.0,NC:000000,UP:-
398,129.126.160.33,www.goldenagri.com.sg,2022-10-05 09:01:07,GET /investors/ HTTP/2.0,200.0,19422.0,https://www.bing.com/,"Mozilla/5.0 (Windows NT 10.0; Win64; x64) AppleWebKit/537.36 (KHTML, like Gecko) Chrome/105.0.0.0 Safari/537.36 Edg/105.0.1343.53",TLSv1.3,,,0.001,HIT,0.0,NC:000000,UP:-
400,66.249.79.179,www.goldenagri.com.sg,2022-10-05 09:00:53,GET /wp-admin/admin-ajax.php?postviews_id=36375&action=postviews&_=1664960400026 HTTP/2.0,200.0,5.0,https://www.goldenagri.com.sg/news-events/press-releases/,"Mozilla/5.0 AppleWebKit/537.36 (KHTML, like Gecko; compatible; Googlebot/2.1; +http://www.google.com/bot.html) Safari/537.36",TLSv1.3,0.264,0.264,0.264,MISS,0.0,NC:000000,UP:SKIP_CACHE_NO_CACHE
402,66.249.79.179,www.goldenagri.com.sg,2022-10-05 09:00:44,GET /news-events/press-releases/ HTTP/2.0,200.0,39422.0,,Mozilla/5.0 (compatible; Googlebot/2.1; +http://www.google.com/bot.html),TLSv1.3,,,0.001,HIT,0.0,NC:000000,UP:-
404,66.249.71.211,goldenagri.com.sg,2022-10-05 09:00:43,GET /category/press-releases/ HTTP/1.1,301.0,0.0,,Mozilla/5.0 (compatible; Googlebot/2.1; +http://www.google.com/bot.html),TLSv1.3,0.195,0.195,0.195,MISS,0.0,NC:000000,UP:-
406,66.96.249.130,goldenagri.com.sg,2022-10-05 09:00:40,POST /autodiscover/autodiscover.xml HTTP/1.1,404.0,146.0,,Microsoft Office/15.0 (Windows NT 10.0; Microsoft Outlook 15.0.5485; Pro),TLSv1.2,,,0.001,,0.0,NC:000000,UP:-DT
408,216.245.221.87,www.goldenagri.com.sg,2022-10-05 09:00:26,HEAD / HTTP/2.0,200.0,0.0,https://www.goldenagri.com.sg,Mozilla/5.0+(compatible; UptimeRobot/2.0; http://www.uptimerobot.com/),TLSv1.3,0.236,0.236,0.237,,0.0,NC:000000,UP:-DT
410,17.121.115.93,www.goldenagri.com.sg,2022-10-05 09:00:26,GET /id/sustainable-development-goals-1/ HTTP/2.0,200.0,53712.0,,"Mozilla/5.0 (Macintosh; Intel Mac OS X 10_15_5) AppleWebKit/605.1.15 (KHTML, like Gecko) Version/13.1.1 Safari/605.1.15 (Applebot/0.1; +http://www.apple.com/go/applebot)",TLSv1.3,0.46,0.463,0.463,MISS,0.0,NC:000000,UP:-
412,182.1.74.181,www.goldenagri.com.sg,2022-10-05 09:00:24,GET /?mcsf_action=main_css&ver=6.0.2 HTTP/2.0,200.0,389.0,https://www.goldenagri.com.sg/sustainability/sustainability-report/,"Mozilla/5.0 (Linux; Android 9; WP6) AppleWebKit/537.36 (KHTML, like Gecko) Chrome/79.0.3945.116 Mobile Safari/537.36",TLSv1.3,,,0.0,HIT,0.0,NC:000000,UP:-
414,182.1.74.181,www.goldenagri.com.sg,2022-10-05 09:00:24,GET /sustainability/sustainability-report/ HTTP/2.0,200.0,19952.0,android-app://com.linkedin.android,"Mozilla/5.0 (Linux; Android 9; WP6) AppleWebKit/537.36 (KHTML, like Gecko) Chrome/79.0.3945.116 Mobile Safari/537.36",TLSv1.3,,,0.001,HIT,0.0,NC:000000,UP:-
416,34.116.74.197,www.goldenagri.com.sg,2022-10-05 09:00:18,GET /id/products-service/seeds/ HTTP/2.0,200.0,16495.0,http://damimas.com/new/web/,Mozilla/5.0 (compatible; MonsidoUptime/1.0; +http://monsido.com/uptime.html; info@monsido.com),TLSv1.3,,,0.001,HIT,0.0,NC:000000,UP:-
418,114.111.32.218,www.goldenagri.com.sg,2022-10-05 09:00:07,GET /wp-admin/admin-ajax.php?postviews_id=3470&action=postviews&_=1664960406664 HTTP/2.0,200.0,4.0,https://www.goldenagri.com.sg/forest-conservation-determine-protect/,"Mozilla/5.0 AppleWebKit/537.36 (KHTML, like Gecko; compatible; Yeti/1.1; +https://naver.me/spd) Chrome/101.0.4951.0 Safari/537.36",TLSv1.3,0.39,0.39,0.39,MISS,0.0,NC:000000,UP:SKIP_CACHE_NO_CACHE
420,69.191.249.214,www.goldenagri.com.sg,2022-10-05 09:00:06,GET /investors/sgx-filings/ HTTP/2.0,200.0,64356.0,,"Mozilla/5.0 (X11; Linux x86_64) AppleWebKit/537.36 (KHTML, like Gecko) Chrome/66.0.3359 Safari/537.36",TLSv1.3,,,0.266,HIT,0.0,NC:000000,UP:-
422,66.249.79.179,www.goldenagri.com.sg,2022-10-05 09:00:06,GET /wp-admin/admin-ajax.php?postviews_id=2502&action=postviews&_=1664064000000 HTTP/2.0,200.0,3.0,https://www.goldenagri.com.sg/cn/stronger-downstream-business-drives-golden-agri-ebitda-higher-in-the-last-quarter-of-2015-despite-weaker-cpo-prices/,"Mozilla/5.0 (Linux; Android 6.0.1; Nexus 5X Build/MMB29P) AppleWebKit/537.36 (KHTML, like Gecko) Chrome/105.0.5195.125 Mobile Safari/537.36 (compatible; Googlebot/2.1; +http://www.google.com/bot.html)",TLSv1.3,0.303,0.303,0.31,MISS,0.0,NC:000000,UP:SKIP_CACHE_NO_CACHE
424,114.111.32.218,www.goldenagri.com.sg,2022-10-05 09:00:06,GET /forest-conservation-determine-protect/ HTTP/2.0,200.0,53420.0,,Mozilla/5.0 (compatible; Yeti/1.1; +https://naver.me/spd),TLSv1.3,,,0.103,HIT,0.0,NC:000000,UP:-
426,65.19.141.114,goldenagri.com.sg,2022-10-05 09:00:00,GET /category/in-the-news HTTP/1.1,301.0,254.0,,"Mozilla/5.0 (Macintosh; Intel Mac OS X 10_11_0) AppleWebKit/537.36 (KHTML, like Gecko) Chrome/45.0.2454.46 Safari/537.36",,0.007,0.007,0.008,MISS,0.0,NC:000000,UP:-
428,51.222.253.14,www.goldenagri.com.sg,2022-10-05 08:59:56,GET /cn/sustainability/responsible-sourcing/supply-chain-map HTTP/2.0,301.0,0.0,,Mozilla/5.0 (compatible; AhrefsBot/7.0; +http://ahrefs.com/robot/),TLSv1.3,0.199,0.199,0.2,MISS,0.0,NC:000000,UP:-
430,103.131.71.180,goldenagri.com.sg,2022-10-05 08:59:51,GET /wp-content/uploads/2019/04/GAR-AR-2018_final_LowRes.pdf HTTP/1.1,304.0,0.0,,Mozilla/5.0 (compatible; coccocbot-web/1.0; +http://help.coccoc.com/searchengine),TLSv1.2,,,0.0,,0.0,NC:000000,UP:-DT
432,136.243.228.178,www.goldenagri.com.sg,2022-10-05 08:59:47,GET /cn/feed/ HTTP/2.0,200.0,120090.0,,Mozilla/5.0 (compatible; DataForSeoBot/1.0; +https://dataforseo.com/dataforseo-bot),TLSv1.3,,,0.34,HIT,0.0,NC:000000,UP:-
434,103.131.71.69,www.goldenagri.com.sg,2022-10-05 08:59:46,GET /robots.txt HTTP/2.0,200.0,97.0,,Mozilla/5.0 (compatible; coccocbot-web/1.0; +http://help.coccoc.com/searchengine),TLSv1.3,,,0.0,HIT,0.0,NC:000000,UP:-
436,103.131.71.69,goldenagri.com.sg,2022-10-05 08:59:45,GET /robots.txt HTTP/1.1,301.0,0.0,,Mozilla/5.0 (compatible; coccocbot-web/1.0; +http://help.coccoc.com/searchengine),TLSv1.2,0.2,0.2,0.201,MISS,0.0,NC:000000,UP:-
438,103.131.71.69,goldenagri.com.sg,2022-10-05 08:59:42,GET /robots.txt HTTP/1.1,301.0,244.0,,Mozilla/5.0 (compatible; coccocbot-web/1.0; +http://help.coccoc.com/searchengine),,0.01,0.01,0.01,MISS,0.0,NC:000000,UP:-
440,136.243.228.178,www.goldenagri.com.sg,2022-10-05 08:59:32,GET /id/comments/feed/ HTTP/2.0,200.0,761.0,,Mozilla/5.0 (compatible; DataForSeoBot/1.0; +https://dataforseo.com/dataforseo-bot),TLSv1.3,,,0.001,HIT,0.0,NC:000000,UP:-
442,69.191.249.221,www.goldenagri.com.sg,2022-10-05 08:59:30,GET /investors/ HTTP/2.0,200.0,19422.0,,"Mozilla/5.0 (X11; Linux x86_64) AppleWebKit/537.36 (KHTML, like Gecko) Chrome/66.0.3359 Safari/537.36",TLSv1.3,,,0.001,HIT,0.0,NC:000000,UP:-
444,66.96.249.130,www.goldenagri.com.sg,2022-10-05 08:59:26,POST /wp-admin/admin-ajax.php HTTP/2.0,200.0,67.0,https://www.goldenagri.com.sg/wp-admin/index.php,"Mozilla/5.0 (Windows NT 10.0; Win64; x64) AppleWebKit/537.36 (KHTML, like Gecko) Chrome/105.0.0.0 Safari/537.36",TLSv1.3,0.251,0.251,0.252,,0.0,NC:200000,UP:-DT
446,66.249.79.179,www.goldenagri.com.sg,2022-10-05 08:59:24,GET /id/feed/ HTTP/2.0,304.0,0.0,,Mozilla/5.0 (compatible; Googlebot/2.1; +http://www.google.com/bot.html),TLSv1.3,,,0.001,HIT,0.0,NC:000000,UP:-
448,65.19.141.114,www.goldenagri.com.sg,2022-10-05 08:59:20,GET /news-events/ HTTP/2.0,200.0,17980.0,,"Mozilla/5.0 (Macintosh; Intel Mac OS X 10_11_0) AppleWebKit/537.36 (KHTML, like Gecko) Chrome/45.0.2454.46 Safari/537.36",TLSv1.3,,,0.0,HIT,0.0,NC:000000,UP:-
450,65.19.141.114,www.goldenagri.com.sg,2022-10-05 08:59:19,GET /newsrooms/ HTTP/2.0,301.0,0.0,,"Mozilla/5.0 (Macintosh; Intel Mac OS X 10_11_0) AppleWebKit/537.36 (KHTML, like Gecko) Chrome/45.0.2454.46 Safari/537.36",TLSv1.3,0.155,0.155,0.156,MISS,0.0,NC:000000,UP:-
452,65.19.141.114,www.goldenagri.com.sg,2022-10-05 08:59:17,GET /newsroom/ HTTP/2.0,301.0,0.0,,"Mozilla/5.0 (Macintosh; Intel Mac OS X 10_11_0) AppleWebKit/537.36 (KHTML, like Gecko) Chrome/45.0.2454.46 Safari/537.36",TLSv1.3,0.231,0.231,0.232,MISS,0.0,NC:000000,UP:-
454,129.126.160.33,www.goldenagri.com.sg,2022-10-05 08:59:06,GET /wp-content/uploads/2022/06/GAR28-30-06-2022-SR2021.pdf HTTP/2.0,200.0,13771972.0,https://www.goldenagri.com.sg/investors/sgx-filings/,"Mozilla/5.0 (Windows NT 10.0; Win64; x64) AppleWebKit/537.36 (KHTML, like Gecko) Chrome/105.0.0.0 Safari/537.36 Edg/105.0.1343.53",TLSv1.3,,,0.302,,0.0,NC:000000,UP:-DT
456,66.249.79.181,www.goldenagri.com.sg,2022-10-05 08:59:04,GET /cn/stronger-downstream-business-drives-golden-agri-ebitda-higher-in-the-last-quarter-of-2015-despite-weaker-cpo-prices/ HTTP/2.0,200.0,55097.0,,"Mozilla/5.0 (Linux; Android 6.0.1; Nexus 5X Build/MMB29P) AppleWebKit/537.36 (KHTML, like Gecko) Chrome/105.0.5195.125 Mobile Safari/537.36 (compatible; Googlebot/2.1; +http://www.google.com/bot.html)",TLSv1.3,,,0.211,HIT,0.0,NC:000000,UP:-
458,34.116.74.197,www.goldenagri.com.sg,2022-10-05 08:59:04,GET / HTTP/2.0,200.0,18928.0,https://goldenagri.com.sg/,Mozilla/5.0 (compatible; MonsidoUptime/1.0; +http://monsido.com/uptime.html; info@monsido.com),TLSv1.3,,,0.001,HIT,0.0,NC:000000,UP:-
460,34.116.74.197,goldenagri.com.sg,2022-10-05 08:59:03,GET / HTTP/1.1,301.0,0.0,,Mozilla/5.0 (compatible; MonsidoUptime/1.0; +http://monsido.com/uptime.html; info@monsido.com),TLSv1.2,0.551,0.551,0.551,MISS,0.0,NC:000000,UP:-
462,35.213.153.2,www.goldenagri.com.sg,2022-10-05 08:59:03,POST /wp-cron.php?doing_wp_cron=1664960343.3096721172332763671875 HTTP/2.0,200.0,0.0,https://www.goldenagri.com.sg/wp-cron.php?doing_wp_cron=1664960343.3096721172332763671875,WordPress/6.0.2; https://www.goldenagri.com.sg,TLSv1.3,0.257,0.257,0.257,,0.0,NC:040000,UP:-DT
464,129.126.160.33,www.goldenagri.com.sg,2022-10-05 08:58:54,GET /wp-content/uploads/2022/08/GAR33-12-08-2022-Cash-Dividend-Distribution.pdf HTTP/2.0,200.0,132961.0,https://www.goldenagri.com.sg/investors/sgx-filings/,"Mozilla/5.0 (Windows NT 10.0; Win64; x64) AppleWebKit/537.36 (KHTML, like Gecko) Chrome/105.0.0.0 Safari/537.36 Edg/105.0.1343.53",TLSv1.3,,,0.012,,0.0,NC:000000,UP:-DT
466,113.211.208.33,www.goldenagri.com.sg,2022-10-05 08:58:53,GET /?mcsf_action=main_css&ver=6.0.2 HTTP/2.0,200.0,389.0,https://www.goldenagri.com.sg/,"Mozilla/5.0 (Windows NT 10.0; Win64; x64) AppleWebKit/537.36 (KHTML, like Gecko) Chrome/106.0.0.0 Safari/537.36",TLSv1.3,,,0.0,HIT,0.0,NC:000000,UP:-
468,113.211.208.33,www.goldenagri.com.sg,2022-10-05 08:58:53,GET / HTTP/2.0,200.0,18928.0,https://www.google.com/,"Mozilla/5.0 (Windows NT 10.0; Win64; x64) AppleWebKit/537.36 (KHTML, like Gecko) Chrome/106.0.0.0 Safari/537.36",TLSv1.3,,,0.001,HIT,0.0,NC:000000,UP:-
470,129.126.160.33,www.goldenagri.com.sg,2022-10-05 08:58:40,GET /wp-content/uploads/2022/08/GAR34-12-08-2022-Asset-acquisition-of-disposals-pursuant-to-rule-706A.pdf HTTP/2.0,200.0,134150.0,https://www.goldenagri.com.sg/investors/sgx-filings/,"Mozilla/5.0 (Windows NT 10.0; Win64; x64) AppleWebKit/537.36 (KHTML, like Gecko) Chrome/105.0.0.0 Safari/537.36 Edg/105.0.1343.53",TLSv1.3,,,0.017,,0.0,NC:000000,UP:-DT
472,65.19.141.114,www.goldenagri.com.sg,2022-10-05 08:58:40,GET /category/in-the-news/ HTTP/2.0,404.0,709.0,,"Mozilla/5.0 (Macintosh; Intel Mac OS X 10_11_0) AppleWebKit/537.36 (KHTML, like Gecko) Chrome/45.0.2454.46 Safari/537.36",TLSv1.3,0.278,0.278,0.279,MISS,0.0,NC:000000,UP:SKIP_CACHE_NO_CACHE
474,135.125.11.160,www.goldenagri.com.sg,2022-10-05 08:58:39,GET /feed/ HTTP/2.0,200.0,105494.0,https://www.google.com,"Mozilla/5.0 (Windows NT 10.0; Win64; x64) AppleWebKit/537.36 (KHTML, like Gecko) Chrome/89.0.1519.26 Safari/537.36",TLSv1.3,,,0.183,HIT,0.0,NC:000000,UP:-
476,65.19.141.114,goldenagri.com.sg,2022-10-05 08:58:39,GET /category/in-the-news/ HTTP/1.1,301.0,0.0,,"Mozilla/5.0 (Macintosh; Intel Mac OS X 10_11_0) AppleWebKit/537.36 (KHTML, like Gecko) Chrome/45.0.2454.46 Safari/537.36",TLSv1.3,0.254,0.254,0.254,MISS,0.0,NC:000000,UP:-
478,135.125.11.160,goldenagri.com.sg,2022-10-05 08:58:38,GET /feed HTTP/1.1,301.0,0.0,https://www.google.com,"Mozilla/5.0 (Windows NT 10.0; Win64; x64) AppleWebKit/537.36 (KHTML, like Gecko) Chrome/89.0.1519.26 Safari/537.36",TLSv1.2,0.275,0.275,0.275,MISS,0.0,NC:000000,UP:-
480,129.126.160.33,www.goldenagri.com.sg,2022-10-05 08:58:29,GET /wp-content/uploads/2022/08/GAR35-31-08-2022-GEFI.pdf HTTP/2.0,200.0,126561.0,https://www.goldenagri.com.sg/investors/sgx-filings/,"Mozilla/5.0 (Windows NT 10.0; Win64; x64) AppleWebKit/537.36 (KHTML, like Gecko) Chrome/105.0.0.0 Safari/537.36 Edg/105.0.1343.53",TLSv1.3,,,0.018,,0.0,NC:000000,UP:-DT
482,66.96.249.130,www.goldenagri.com.sg,2022-10-05 08:58:26,POST /wp-admin/admin-ajax.php HTTP/2.0,200.0,67.0,https://www.goldenagri.com.sg/wp-admin/index.php,"Mozilla/5.0 (Windows NT 10.0; Win64; x64) AppleWebKit/537.36 (KHTML, like Gecko) Chrome/105.0.0.0 Safari/537.36",TLSv1.3,0.411,0.411,0.412,,0.0,NC:200000,UP:-DT
484,65.19.141.114,www.goldenagri.com.sg,2022-10-05 08:58:20,GET /news-events/ HTTP/2.0,200.0,17980.0,,"Mozilla/5.0 (Macintosh; Intel Mac OS X 10_11_0) AppleWebKit/537.36 (KHTML, like Gecko) Chrome/45.0.2454.46 Safari/537.36",TLSv1.3,,,0.0,HIT,0.0,NC:000000,UP:-
486,65.19.141.114,www.goldenagri.com.sg,2022-10-05 08:58:19,GET /newsrooms/ HTTP/2.0,301.0,0.0,,"Mozilla/5.0 (Macintosh; Intel Mac OS X 10_11_0) AppleWebKit/537.36 (KHTML, like Gecko) Chrome/45.0.2454.46 Safari/537.36",TLSv1.3,0.204,0.204,0.205,MISS,0.0,NC:000000,UP:-
488,197.210.226.57,www.goldenagri.com.sg,2022-10-05 08:58:18,GET /contact-us/?marker-id=60897 HTTP/2.0,200.0,16993.0,,Mozilla/5.0 (Windows NT 10.0; Win64; x64; rv:102.0) Gecko/20100101 Firefox/102.0,TLSv1.3,0.353,0.355,0.355,BYPASS,0.0,NC:000100,UP:-
490,197.210.226.57,www.goldenagri.com.sg,2022-10-05 08:58:18,GET /contact-us/?marker-id=60892 HTTP/2.0,200.0,16987.0,,Mozilla/5.0 (Windows NT 10.0; Win64; x64; rv:102.0) Gecko/20100101 Firefox/102.0,TLSv1.3,0.38,0.381,0.381,BYPASS,0.0,NC:000100,UP:-
492,197.210.226.57,www.goldenagri.com.sg,2022-10-05 08:58:18,GET /contact-us/?marker-id=60893 HTTP/2.0,200.0,16994.0,,Mozilla/5.0 (Windows NT 10.0; Win64; x64; rv:102.0) Gecko/20100101 Firefox/102.0,TLSv1.3,0.395,0.398,0.398,BYPASS,0.0,NC:000100,UP:-
494,197.210.226.57,www.goldenagri.com.sg,2022-10-05 08:58:17,GET /contact-us?marker-id=60897 HTTP/2.0,301.0,0.0,,Mozilla/5.0 (Windows NT 10.0; Win64; x64; rv:102.0) Gecko/20100101 Firefox/102.0,TLSv1.3,0.314,0.314,0.314,BYPASS,0.0,NC:000100,UP:-
496,197.210.226.57,www.goldenagri.com.sg,2022-10-05 08:58:17,GET /contact-us?marker-id=60892 HTTP/2.0,301.0,0.0,,Mozilla/5.0 (Windows NT 10.0; Win64; x64; rv:102.0) Gecko/20100101 Firefox/102.0,TLSv1.3,0.284,0.284,0.285,BYPASS,0.0,NC:000100,UP:-
498,197.210.226.57,www.goldenagri.com.sg,2022-10-05 08:58:17,GET /contact-us?marker-id=60893 HTTP/2.0,301.0,0.0,,Mozilla/5.0 (Windows NT 10.0; Win64; x64; rv:102.0) Gecko/20100101 Firefox/102.0,TLSv1.3,0.314,0.314,0.314,BYPASS,0.0,NC:000100,UP:-
500,51.222.253.9,www.goldenagri.com.sg,2022-10-05 08:58:17,GET /cn/sustainability/responsible-sourcing/supplier-assessment HTTP/2.0,301.0,0.0,,Mozilla/5.0 (compatible; AhrefsBot/7.0; +http://ahrefs.com/robot/),TLSv1.3,0.309,0.309,0.31,MISS,0.0,NC:000000,UP:-
502,65.19.141.114,goldenagri.com.sg,2022-10-05 08:58:16,GET /newsroom HTTP/1.1,301.0,0.0,,"Mozilla/5.0 (Macintosh; Intel Mac OS X 10_11_0) AppleWebKit/537.36 (KHTML, like Gecko) Chrome/45.0.2454.46 Safari/537.36",TLSv1.3,0.304,0.304,0.304,MISS,0.0,NC:000000,UP:-
504,197.210.226.57,www.goldenagri.com.sg,2022-10-05 08:58:15,GET / HTTP/2.0,200.0,18928.0,,Mozilla/5.0 (Windows NT 10.0; Win64; x64; rv:102.0) Gecko/20100101 Firefox/102.0,TLSv1.3,,,0.001,HIT,0.0,NC:000000,UP:-
506,66.249.79.179,www.goldenagri.com.sg,2022-10-05 08:58:07,GET /news-and-events/blogs/ HTTP/2.0,200.0,39855.0,,Mozilla/5.0 (compatible; Googlebot/2.1; +http://www.google.com/bot.html),TLSv1.3,,,0.0,HIT,0.0,NC:000000,UP:-
508,69.191.249.206,www.goldenagri.com.sg,2022-10-05 08:58:04,GET /investors/financial-highlights-reports-presentations/investor-presentations/ HTTP/2.0,200.0,18300.0,,"Mozilla/5.0 (X11; Linux x86_64) AppleWebKit/537.36 (KHTML, like Gecko) Chrome/66.0.3359 Safari/537.36",TLSv1.3,,,0.001,HIT,0.0,NC:000000,UP:-
510,65.19.141.114,www.goldenagri.com.sg,2022-10-05 08:57:58,GET /news-events/ HTTP/2.0,200.0,17980.0,,"Mozilla/5.0 (Macintosh; Intel Mac OS X 10_11_0) AppleWebKit/537.36 (KHTML, like Gecko) Chrome/45.0.2454.46 Safari/537.36",TLSv1.3,,,0.0,HIT,0.0,NC:000000,UP:-
512,65.19.141.114,www.goldenagri.com.sg,2022-10-05 08:57:57,GET /newsrooms/ HTTP/2.0,301.0,0.0,,"Mozilla/5.0 (Macintosh; Intel Mac OS X 10_11_0) AppleWebKit/537.36 (KHTML, like Gecko) Chrome/45.0.2454.46 Safari/537.36",TLSv1.3,0.14,0.14,0.14,MISS,0.0,NC:000000,UP:-
514,65.19.141.114,goldenagri.com.sg,2022-10-05 08:57:56,GET /newsroom/ HTTP/1.1,301.0,0.0,,"Mozilla/5.0 (Macintosh; Intel Mac OS X 10_11_0) AppleWebKit/537.36 (KHTML, like Gecko) Chrome/45.0.2454.46 Safari/537.36",TLSv1.3,0.229,0.229,0.229,MISS,0.0,NC:000000,UP:-
516,69.191.249.220,www.goldenagri.com.sg,2022-10-05 08:57:48,GET /news-events/press-releases/ HTTP/2.0,200.0,39422.0,,"Mozilla/5.0 (X11; Linux x86_64) AppleWebKit/537.36 (KHTML, like Gecko) Chrome/66.0.3359 Safari/537.36",TLSv1.3,,,0.0,HIT,0.0,NC:000000,UP:-
518,129.126.160.33,www.goldenagri.com.sg,2022-10-05 08:57:43,GET /wp-admin/admin-ajax.php?postviews_id=60984&action=postviews&_=1664960263476 HTTP/2.0,200.0,5.0,https://www.goldenagri.com.sg/investors/sgx-filings/,"Mozilla/5.0 (Windows NT 10.0; Win64; x64) AppleWebKit/537.36 (KHTML, like Gecko) Chrome/105.0.0.0 Safari/537.36 Edg/105.0.1343.53",TLSv1.3,0.339,0.339,0.339,MISS,0.0,NC:000000,UP:SKIP_CACHE_NO_CACHE
520,129.126.160.33,www.goldenagri.com.sg,2022-10-05 08:57:43,GET /?mcsf_action=main_css&ver=6.0.2 HTTP/2.0,200.0,389.0,https://www.goldenagri.com.sg/investors/sgx-filings/,"Mozilla/5.0 (Windows NT 10.0; Win64; x64) AppleWebKit/537.36 (KHTML, like Gecko) Chrome/105.0.0.0 Safari/537.36 Edg/105.0.1343.53",TLSv1.3,,,0.0,HIT,0.0,NC:000000,UP:-
522,129.126.160.33,www.goldenagri.com.sg,2022-10-05 08:57:43,GET /investors/sgx-filings/ HTTP/2.0,200.0,64356.0,https://www.goldenagri.com.sg/news-events/,"Mozilla/5.0 (Windows NT 10.0; Win64; x64) AppleWebKit/537.36 (KHTML, like Gecko) Chrome/105.0.0.0 Safari/537.36 Edg/105.0.1343.53",TLSv1.3,,,0.001,HIT,0.0,NC:000000,UP:-
524,65.19.141.114,www.goldenagri.com.sg,2022-10-05 08:57:36,GET /category/in-the-news HTTP/2.0,404.0,710.0,,"Mozilla/5.0 (Macintosh; Intel Mac OS X 10_11_0) AppleWebKit/537.36 (KHTML, like Gecko) Chrome/45.0.2454.46 Safari/537.36",TLSv1.3,0.231,0.231,0.231,MISS,0.0,NC:000000,UP:SKIP_CACHE_NO_CACHE
526,65.19.141.114,goldenagri.com.sg,2022-10-05 08:57:34,GET /category/in-the-news HTTP/1.1,301.0,0.0,,"Mozilla/5.0 (Macintosh; Intel Mac OS X 10_11_0) AppleWebKit/537.36 (KHTML, like Gecko) Chrome/45.0.2454.46 Safari/537.36",TLSv1.3,0.274,0.274,0.275,MISS,0.0,NC:000000,UP:-
528,103.138.116.42,goldenagri.com.sg,2022-10-05 08:57:29,GET /wp-content/uploads/2019/10/smaf-sml.png HTTP/1.1,200.0,8748.0,,Mozilla/5.0 (compatible; MSIE 10.0; Windows NT 10.0; Win64; x64; Trident/7.0; Microsoft Outlook 16.0.10366; ms-office; MSOffice 16),TLSv1.2,,,0.001,,0.0,NC:000000,UP:-DT
530,17.121.113.100,www.goldenagri.com.sg,2022-10-05 08:57:17,GET /sustainability/responsible-sourcing/grievance-handling/ HTTP/2.0,200.0,15645.0,,"Mozilla/5.0 (Macintosh; Intel Mac OS X 10_15_5) AppleWebKit/605.1.15 (KHTML, like Gecko) Version/13.1.1 Safari/605.1.15 (Applebot/0.1; +http://www.apple.com/go/applebot)",TLSv1.3,0.311,0.313,0.314,MISS,0.0,NC:000000,UP:-
532,69.191.249.219,www.goldenagri.com.sg,2022-10-05 08:57:16,GET /investors/financial-highlights-reports-presentations/quarterly-reports/ HTTP/2.0,200.0,17244.0,,"Mozilla/5.0 (X11; Linux x86_64) AppleWebKit/537.36 (KHTML, like Gecko) Chrome/66.0.3359 Safari/537.36",TLSv1.3,,,0.001,HIT,0.0,NC:000000,UP:-
534,157.55.39.172,www.goldenagri.com.sg,2022-10-05 08:57:05,GET /cn/golden-agri-resources-gar-rebrands-its-animal-feed-supplements-as-gonutri-in-spain/ HTTP/2.0,200.0,54019.0,,Mozilla/5.0 (compatible; bingbot/2.0; +http://www.bing.com/bingbot.htm),TLSv1.3,0.523,0.529,0.531,MISS,0.0,NC:000000,UP:-
536,199.244.88.225,www.goldenagri.com.sg,2022-10-05 08:57:02,GET /id/products-service/seeds/ HTTP/2.0,200.0,16495.0,http://damimas.com,"Mozilla/5.0 (X11; Linux x86_64) AppleWebKit/537.36 (KHTML, like Gecko) Chrome/105.0.0.0 Safari/537.36",TLSv1.3,,,0.001,HIT,0.0,NC:000000,UP:-
538,51.222.253.18,www.goldenagri.com.sg,2022-10-05 08:56:42,GET /cn/sustainability/responsible-sourcing/palm-supply-chain-traceability-and-transformation HTTP/2.0,301.0,0.0,,Mozilla/5.0 (compatible; AhrefsBot/7.0; +http://ahrefs.com/robot/),TLSv1.3,0.218,0.218,0.218,MISS,0.0,NC:000000,UP:-
540,198.20.177.212,www.goldenagri.com.sg,2022-10-05 08:56:39,GET /contact-us/?marker-id=60897 HTTP/2.0,200.0,16993.0,,Mozilla/5.0 (Windows NT 10.0; Win64; x64; rv:102.0) Gecko/20100101 Firefox/102.0,TLSv1.3,0.331,0.332,0.332,BYPASS,0.0,NC:000100,UP:-
542,198.20.177.212,www.goldenagri.com.sg,2022-10-05 08:56:39,GET /contact-us/?marker-id=60892 HTTP/2.0,200.0,16986.0,,Mozilla/5.0 (Windows NT 10.0; Win64; x64; rv:102.0) Gecko/20100101 Firefox/102.0,TLSv1.3,0.326,0.328,0.328,BYPASS,0.0,NC:000100,UP:-
544,198.20.177.212,www.goldenagri.com.sg,2022-10-05 08:56:39,GET /about-us/our-achievements/ HTTP/2.0,200.0,16730.0,,Mozilla/5.0 (Windows NT 10.0; Win64; x64; rv:102.0) Gecko/20100101 Firefox/102.0,TLSv1.3,,,0.0,HIT,0.0,NC:000000,UP:-
546,198.20.177.212,www.goldenagri.com.sg,2022-10-05 08:56:39,GET /contact-us/ HTTP/2.0,200.0,16971.0,,Mozilla/5.0 (Windows NT 10.0; Win64; x64; rv:102.0) Gecko/20100101 Firefox/102.0,TLSv1.3,0.29,0.291,0.29,BYPASS,0.0,NC:000100,UP:-
548,198.20.177.212,www.goldenagri.com.sg,2022-10-05 08:56:39,GET /about-us/our-business/ HTTP/2.0,200.0,17826.0,,Mozilla/5.0 (Windows NT 10.0; Win64; x64; rv:102.0) Gecko/20100101 Firefox/102.0,TLSv1.3,,,0.0,HIT,0.0,NC:000000,UP:-
550,198.20.177.212,www.goldenagri.com.sg,2022-10-05 08:56:39,GET /about-us/our-leaderships/?tab=tab-0 HTTP/2.0,200.0,21156.0,,Mozilla/5.0 (Windows NT 10.0; Win64; x64; rv:102.0) Gecko/20100101 Firefox/102.0,TLSv1.3,,,0.0,HIT,0.0,NC:000000,UP:-
552,198.20.177.212,www.goldenagri.com.sg,2022-10-05 08:56:39,GET /about-us/our-achievements HTTP/2.0,301.0,0.0,,Mozilla/5.0 (Windows NT 10.0; Win64; x64; rv:102.0) Gecko/20100101 Firefox/102.0,TLSv1.3,0.653,0.653,0.653,MISS,0.0,NC:000000,UP:-
554,198.20.177.212,www.goldenagri.com.sg,2022-10-05 08:56:39,GET /about-us/our-business HTTP/2.0,301.0,0.0,,Mozilla/5.0 (Windows NT 10.0; Win64; x64; rv:102.0) Gecko/20100101 Firefox/102.0,TLSv1.3,0.552,0.552,0.553,MISS,0.0,NC:000000,UP:-
556,198.20.177.212,www.goldenagri.com.sg,2022-10-05 08:56:39,GET /about-us/our-leaderships/?tab=tab-1 HTTP/2.0,200.0,21157.0,,Mozilla/5.0 (Windows NT 10.0; Win64; x64; rv:102.0) Gecko/20100101 Firefox/102.0,TLSv1.3,,,0.0,HIT,0.0,NC:000000,UP:-
558,198.20.177.212,www.goldenagri.com.sg,2022-10-05 08:56:39,GET /suppliers/support-for-palm-suppliers/ HTTP/2.0,200.0,19100.0,,Mozilla/5.0 (Windows NT 10.0; Win64; x64; rv:102.0) Gecko/20100101 Firefox/102.0,TLSv1.3,,,0.0,HIT,0.0,NC:000000,UP:-
560,198.20.177.212,www.goldenagri.com.sg,2022-10-05 08:56:39,GET /about-us/ HTTP/2.0,200.0,15696.0,,Mozilla/5.0 (Windows NT 10.0; Win64; x64; rv:102.0) Gecko/20100101 Firefox/102.0,TLSv1.3,,,0.0,HIT,0.0,NC:000000,UP:-
562,198.20.177.212,www.goldenagri.com.sg,2022-10-05 08:56:39,GET /contact-us?marker-id=60892 HTTP/2.0,301.0,0.0,,Mozilla/5.0 (Windows NT 10.0; Win64; x64; rv:102.0) Gecko/20100101 Firefox/102.0,TLSv1.3,0.511,0.511,0.512,BYPASS,0.0,NC:000100,UP:-
564,198.20.177.212,www.goldenagri.com.sg,2022-10-05 08:56:39,GET /about-us/our-leaderships?tab=tab-0 HTTP/2.0,301.0,0.0,,Mozilla/5.0 (Windows NT 10.0; Win64; x64; rv:102.0) Gecko/20100101 Firefox/102.0,TLSv1.3,0.515,0.515,0.516,MISS,0.0,NC:000000,UP:-
566,198.20.177.212,www.goldenagri.com.sg,2022-10-05 08:56:39,GET /contact-us?marker-id=60897 HTTP/2.0,301.0,0.0,,Mozilla/5.0 (Windows NT 10.0; Win64; x64; rv:102.0) Gecko/20100101 Firefox/102.0,TLSv1.3,0.493,0.493,0.493,BYPASS,0.0,NC:000100,UP:-
568,198.20.177.212,www.goldenagri.com.sg,2022-10-05 08:56:39,GET /about-us/our-leaderships/ HTTP/2.0,200.0,21152.0,,Mozilla/5.0 (Windows NT 10.0; Win64; x64; rv:102.0) Gecko/20100101 Firefox/102.0,TLSv1.3,,,0.0,HIT,0.0,NC:000000,UP:-
570,198.20.177.212,www.goldenagri.com.sg,2022-10-05 08:56:39,GET /contact-us HTTP/2.0,301.0,0.0,,Mozilla/5.0 (Windows NT 10.0; Win64; x64; rv:102.0) Gecko/20100101 Firefox/102.0,TLSv1.3,0.406,0.406,0.406,BYPASS,0.0,NC:000100,UP:-
572,198.20.177.212,www.goldenagri.com.sg,2022-10-05 08:56:39,GET /about-us/our-governance/ HTTP/2.0,200.0,17329.0,,Mozilla/5.0 (Windows NT 10.0; Win64; x64; rv:102.0) Gecko/20100101 Firefox/102.0,TLSv1.3,,,0.0,HIT,0.0,NC:000000,UP:-
574,198.20.177.212,www.goldenagri.com.sg,2022-10-05 08:56:39,GET /about-us/our-shared-values/ HTTP/2.0,200.0,15844.0,,Mozilla/5.0 (Windows NT 10.0; Win64; x64; rv:102.0) Gecko/20100101 Firefox/102.0,TLSv1.3,,,0.0,HIT,0.0,NC:000000,UP:-
576,198.20.177.212,www.goldenagri.com.sg,2022-10-05 08:56:39,GET /about-us/our-leaderships?tab=tab-1 HTTP/2.0,301.0,0.0,,Mozilla/5.0 (Windows NT 10.0; Win64; x64; rv:102.0) Gecko/20100101 Firefox/102.0,TLSv1.3,0.362,0.362,0.362,MISS,0.0,NC:000000,UP:-
578,198.20.177.212,www.goldenagri.com.sg,2022-10-05 08:56:39,GET /suppliers/support-for-palm-suppliers HTTP/2.0,301.0,0.0,,Mozilla/5.0 (Windows NT 10.0; Win64; x64; rv:102.0) Gecko/20100101 Firefox/102.0,TLSv1.3,0.341,0.341,0.341,MISS,0.0,NC:000000,UP:-
580,198.20.177.212,www.goldenagri.com.sg,2022-10-05 08:56:38,GET /about-us HTTP/2.0,301.0,0.0,,Mozilla/5.0 (Windows NT 10.0; Win64; x64; rv:102.0) Gecko/20100101 Firefox/102.0,TLSv1.3,0.397,0.397,0.397,MISS,0.0,NC:000000,UP:-
582,198.20.177.212,www.goldenagri.com.sg,2022-10-05 08:56:38,GET /about-us/our-leaderships HTTP/2.0,301.0,0.0,,Mozilla/5.0 (Windows NT 10.0; Win64; x64; rv:102.0) Gecko/20100101 Firefox/102.0,TLSv1.3,0.271,0.271,0.271,MISS,0.0,NC:000000,UP:-
584,198.20.177.212,www.goldenagri.com.sg,2022-10-05 08:56:38,GET /about-us/our-governance HTTP/2.0,301.0,0.0,,Mozilla/5.0 (Windows NT 10.0; Win64; x64; rv:102.0) Gecko/20100101 Firefox/102.0,TLSv1.3,0.22,0.22,0.22,MISS,0.0,NC:000000,UP:-
586,198.20.177.212,www.goldenagri.com.sg,2022-10-05 08:56:38,GET /contact-us/?marker-id=60893 HTTP/2.0,200.0,16994.0,,Mozilla/5.0 (Windows NT 10.0; Win64; x64; rv:102.0) Gecko/20100101 Firefox/102.0,TLSv1.3,0.339,0.34,0.34,BYPASS,0.0,NC:000100,UP:-
588,198.20.177.212,www.goldenagri.com.sg,2022-10-05 08:56:38,GET /about-us/our-shared-values HTTP/2.0,301.0,0.0,,Mozilla/5.0 (Windows NT 10.0; Win64; x64; rv:102.0) Gecko/20100101 Firefox/102.0,TLSv1.3,0.219,0.219,0.219,MISS,0.0,NC:000000,UP:-
590,198.20.177.212,www.goldenagri.com.sg,2022-10-05 08:56:38,GET /contact-us?marker-id=60893 HTTP/2.0,301.0,0.0,,Mozilla/5.0 (Windows NT 10.0; Win64; x64; rv:102.0) Gecko/20100101 Firefox/102.0,TLSv1.3,0.21,0.21,0.21,BYPASS,0.0,NC:000100,UP:-
592,65.19.141.114,goldenagri.com.sg,2022-10-05 08:56:37,GET /newsroom HTTP/1.1,301.0,242.0,,"Mozilla/5.0 (Macintosh; Intel Mac OS X 10_11_0) AppleWebKit/537.36 (KHTML, like Gecko) Chrome/45.0.2454.46 Safari/537.36",,0.007,0.007,0.007,MISS,0.0,NC:000000,UP:-
594,198.20.177.212,www.goldenagri.com.sg,2022-10-05 08:56:36,GET / HTTP/2.0,200.0,18928.0,,Mozilla/5.0 (Windows NT 10.0; Win64; x64; rv:102.0) Gecko/20100101 Firefox/102.0,TLSv1.3,,,0.001,HIT,0.0,NC:000000,UP:-
596,65.19.141.114,www.goldenagri.com.sg,2022-10-05 08:56:35,GET /robots.txt HTTP/2.0,200.0,97.0,,"Mozilla/5.0 (Macintosh; Intel Mac OS X 10_11_0) AppleWebKit/537.36 (KHTML, like Gecko) Chrome/45.0.2454.46 Safari/537.36",TLSv1.3,,,0.001,HIT,0.0,NC:000000,UP:-
598,40.77.189.205,www.goldenagri.com.sg,2022-10-05 08:56:33,GET /wp-admin/admin-ajax.php?postviews_id=71317&action=postviews&_=1664960189831 HTTP/2.0,200.0,3.0,,"Mozilla/5.0 (Windows NT 6.1; WOW64) AppleWebKit/534+ (KHTML, like Gecko) BingPreview/1.0b",TLSv1.3,0.307,0.307,0.308,MISS,0.0,NC:000000,UP:SKIP_CACHE_NO_CACHE
